comprador,departamento,procesos_adjudicados,con_postor_unico,pct_postor_unico,monto_total,supera_minimo
FOMENTO Y GESTIÓN SOSTENIBLE DE LA PRODUCCIÓN FORESTAL EN EL PERÚ,LIMA,22,22,100.0,890340.0,True
ORGANISMO DE EVALUACION Y FISCALIZACION AMBIENTAL,LIMA,174,166,95.4,16991154.0,True
PROGRAMA SUBSECTORIAL DE IRRIGACIONES - PSI,LIMA,27,23,85.19,2592707.0,True
MINISTERIO DE RELACIONES EXTERIORES,LIMA,56,47,83.93,5587333.0,True
COMISION DE PROMOCION DEL PERU PARA LA EXPORTACION Y EL TURISMO - PROMPERU,LIMA,134,104,77.61,23023034.0,True
PETROLEOS DEL PERU S.A.,LIMA,94,72,76.6,81421485.0,True
ORGANISMO SUPERVISOR DE LAS CONTRATACIONES DEL ESTADO,LIMA,33,23,69.7,5970919.0,True
INSTITUTO NACIONAL DE SALUD,LIMA,29,20,68.97,4328466.0,True
JURADO NACIONAL DE ELECCIONES,LIMA,44,28,63.64,17682846.0,True
"SUPERINTENDENCIA DE BANCA, SEGUROS Y AFP",LIMA,33,21,63.64,7988612.0,True
UNIVERSIDAD NACIONAL DE INGENIERIA,LIMA,16,10,62.5,2336205.0,True
MINISTERIO DE ECONOMIA Y FINANZAS,LIMA,22,13,59.09,104072669.0,True
IAFAS DEL EJERCITO DEL PERU (FOSPEME),LIMA,33,18,54.55,24158399.0,True
MUNICIPALIDAD PROVINCIAL DE AREQUIPA,AREQUIPA,42,21,50.0,97229926.0,True
INSTITUTO NACIONAL DE ENFERMEDADES NEOPLASICAS,LIMA,28,14,50.0,19574576.0,True
OFICINA NACIONAL DE PROCESOS ELECTORALES,LIMA,23,11,47.83,162988233.0,True
UNIVERSIDAD NACIONAL SAN AGUSTIN,AREQUIPA,30,14,46.67,4765442.0,True
MUNICIPALIDAD DISTRITAL DE LA VILLA DE CAYMA,AREQUIPA,15,7,46.67,2987643.0,True
UNIVERSIDAD NACIONAL TORIBIO RODRIGUEZ DE MENDOZA DE AMAZONAS,AMAZONAS,28,13,46.43,17536758.0,True
GOBIERNO REGIONAL DE TUMBES Sede Central,TUMBES,59,27,45.76,46614410.0,True
MINISTERIO DE CULTURA,LIMA,25,11,44.0,6057880.0,True
AGENCIA DE COMPRAS DE LAS FUERZAS ARMADAS,LIMA,21,9,42.86,22777229.0,True
GOBIERNO REGIONAL DE LA LIBERTAD - DIRECCIÓN REGIONAL DE SALUD LA LIBERTAD,LA LIBERTAD,17,7,41.18,22855183.0,True
GOBIERNO REGIONAL DE LA LIBERTAD - INST.REG.DE ENFERMEDADES NEOPLASICAS LUIS PINILLOS GANOZA,LA LIBERTAD,17,7,41.18,6398068.0,True
GOBIERNO REGIONAL DE AREQUIPA-AGRICULTURA,AREQUIPA,18,7,38.89,4551796.0,True
UNIVERSIDAD NACIONAL FEDERICO VILLARREAL,LIMA,16,6,37.5,11606148.0,True
MINISTERIO PUBLICO,LIMA,30,11,36.67,19023928.0,True
INSTITUTO NACIONAL DE SALUD DEL NIÑO - SAN BORJA,LIMA,28,10,35.71,8221516.0,True
UNIVERSIDAD NACIONAL MAYOR DE SAN MARCOS,LIMA,29,10,34.48,9019571.0,True
INSTITUTO TECNOLOGICO DE LA PRODUCCION,LIMA,38,13,34.21,2998555.0,True
EMPRESA MUNICIPAL ADMINISTRADORA DE PEAJE DE LIMA S.A.,LIMA,15,5,33.33,16992794.0,True
COMISIÓN NACIONAL PARA EL DESARROLLO Y VIDA SIN DROGAS - DEVIDA,LIMA,31,10,32.26,6064048.0,True
REGISTRO NACIONAL DE IDENTIFICACION Y ESTADO CIVIL,LIMA,28,9,32.14,12837315.0,True
CENTRO NACIONAL DE ABASTECIMIENTO DE RECURSOS ESTRATEGICOS EN SALUD,LIMA,55,17,30.91,711901381.0,True
INSTITUTO NACIONAL DE DEFENSA CIVIL,LIMA,20,6,30.0,8747259.0,True
UNIVERSIDAD NACIONAL AGRARIA LA MOLINA,LIMA,20,6,30.0,7224863.0,True
BANCO CENTRAL DE RESERVA DEL PERÚ,LIMA,61,18,29.51,25420121.0,True
MTC-PROYECTO ESPECIAL DE INFRAESTRUCTURA DE TRANSPORTE NACIONAL (PROVIAS NACIONAL),LIMA,29,8,27.59,229378087.0,True
UNIVERSIDAD NACIONAL DE TRUJILLO,LA LIBERTAD,15,4,26.67,4025187.0,True
"MINISTERIO DE VIVIENDA, CONSTRUCCIÓN Y SANEAMIENTO - Administración General",LIMA,20,5,25.0,18225137.0,True
ORGANISMO SUPERVISOR DE LA INVERSION EN ENERGIA Y MINERIA,LIMA,29,7,24.14,27589892.0,True
INSTITUTO NACIONAL DE SALUD DEL NIÑO,LIMA,21,5,23.81,6809759.0,True
GOBIERNO REGIONAL DE PIURA-SALUD,PIURA,18,4,22.22,5057334.0,True
SERVICIO NACIONAL DE SANIDAD AGRARIA,LIMA,18,4,22.22,6762538.0,True
HOSPITAL DE EMERGENCIAS VILLA EL SALVADOR,LIMA,23,5,21.74,15926219.0,True
MTC-PROYECTO ESPECIAL DE INFRAESTRUCTURA DE TRANSPORTE DESCENTRALIZADO - PROVIAS DESCENTRALIZADO,LIMA,28,6,21.43,28131094.0,True
MUNICIPALIDAD PROVINCIAL DE MAYNAS - IQUITOS,LORETO,28,6,21.43,35813206.0,True
ENTIDAD PRESTADORA DE SERVICIO DE SANEAMIENTO DE LAMBAYEQUE S.A.,LAMBAYEQUE,20,4,20.0,12206941.0,True
GOBIERNO REGIONAL DE AYACUCHO - HOSPITAL HUAMANGA,AYACUCHO,20,4,20.0,3507604.0,True
GOBIERNO REGIONAL DE AREQUIPA - SALUD RED PERIFERICA AREQUIPA,AREQUIPA,16,3,18.75,3963173.0,True
GOBIERNO REGIONAL DE TACNA-HOSPITAL HIPOLITO UNANUE,TACNA,16,3,18.75,2419224.0,True
HOSPITAL CAYETANO HEREDIA,LIMA,16,3,18.75,5878068.0,True
UNIVERSIDAD NACIONAL SAN LUIS GONZAGA DE ICA,ICA,16,3,18.75,10002136.0,True
MUNICIPALIDAD PROVINCIAL DE HUANUCO,HUANUCO,27,5,18.52,9278315.0,True
AUTORIDAD NACIONAL DE INFRAESTRUCTURA,LIMA,17,3,17.65,43763339.0,True
SEGURO SOCIAL DE  SALUD,LIMA,171,30,17.54,576827457.0,True
MUNICIPALIDAD DISTRITAL DE HUASMIN,CAJAMARCA,18,3,16.67,14698984.0,True
GOBIERNO REGIONAL DE JUNIN - HOSPITAL DANIEL ALCIDES CARRION - HUANCAYO,JUNIN,32,5,15.62,5359937.0,True
MUNICIPALIDAD DISTRITAL DE ECHARATE,CUSCO,20,3,15.0,3797269.0,True
MUNICIPALIDAD DISTRITAL DE CERRO COLORADO,AREQUIPA,47,7,14.89,80456640.0,True
MUNICIPALIDAD PROVINCIAL DE MARISCAL NIETO - MOQUEGUA,MOQUEGUA,28,4,14.29,3958263.0,True
SERVICIO DE AGUA POTABLE Y ALCANTARILLADO DE AREQUIPA,AREQUIPA,28,4,14.29,19286954.0,True
UNIVERSIDAD NACIONAL DEL CENTRO DEL PERU,JUNIN,21,3,14.29,8436215.0,True
MUNICIPALIDAD PROVINCIAL DE TAMBOPATA,MADRE DE DIOS,22,3,13.64,12459983.0,True
HOSPITAL PUENTE PIEDRA - CARLOS LANFRANCO LA HOZ - CLL4,LIMA,15,2,13.33,4216267.0,True
MUNICIPALIDAD DISTRITAL DE INDEPENDENCIA - HUARAZ,ANCASH,38,5,13.16,24991616.0,True
PODER JUDICIAL,LIMA,31,4,12.9,16793800.0,True
SERVICIO DE AGUA POTABLE Y ALCANTARILLADO DE LIMA - SEDAPAL,LIMA,34,4,11.76,86828333.0,True
GOBIERNO REGIONAL DE HUANUCO - RED DE SALUD HUANUCO,HUANUCO,17,2,11.76,2246123.0,True
MUNICIPALIDAD DISTRITAL DE CASTILLA,PIURA,17,2,11.76,10945192.0,True
FUERZA AEREA DEL PERU,LIMA,66,7,10.61,65706668.0,True
MUNICIPALIDAD PROVINCIAL DEL CALLAO,CALLAO,19,2,10.53,39103612.0,True
GOBIERNO REGIONAL DE CUSCO - DIRECCION REGIONAL DE TRANSPORTES Y COMUNICACIONES CUSCO,CUSCO,30,3,10.0,17588414.0,True
MUNICIPALIDAD DISTRITAL DE SAN MARTIN DE PORRES,LIMA,22,2,9.09,17037296.0,True
EJERCITO PERUANO,LIMA,256,19,7.42,124041309.0,True
MUNICIPALIDAD PROVINCIAL DE HUANCAYO,JUNIN,27,2,7.41,25740324.0,True
MARINA DE GUERRA DEL PERU,CALLAO,55,4,7.27,29625537.0,True
"CREACION Y MEJORAMIENTO DEL SERVICIO DE CATASTRO EN DISTRITOS SELECCIONADOS DE LAS PROVINCIAS DE LIMA, LAMBAYEQUE, CHICLAYO Y PIURA",LIMA,28,2,7.14,30918800.0,True
MUNICIPALIDAD PROVINCIAL DE SAN ROMAN - JULIACA,PUNO,47,3,6.38,30433292.0,True
GOBIERNO REGIONAL DE APURIMAC  - UNIDAD EJECUTORA GERENCIA SUB REGIONAL DE COTABAMBAS,APURIMAC,16,1,6.25,5257224.0,True
MUNICIPALIDAD PROVINCIAL DE AYABACA,PIURA,16,1,6.25,8432019.0,True
MUNICIPALIDAD PROVINCIAL DE ILO,MOQUEGUA,16,1,6.25,10295920.0,True
MUNICIPALIDAD PROVINCIAL DE CAJAMARCA,CAJAMARCA,17,1,5.88,18139791.0,True
MUNICIPALIDAD METROPOLITANA DE LIMA,LIMA,52,3,5.77,70183169.0,True
GOBIERNO REGIONAL DE MOQUEGUA SEDE CENTRAL,MOQUEGUA,35,2,5.71,6203097.0,True
GOBIERNO REGIONAL DE CAJAMARCA SEDE CENTRAL,CAJAMARCA,19,1,5.26,82381981.0,True
SUPERINTENDENCIA NACIONAL DE ADUANAS Y DE ADMINISTRACION TRIBUTARIA - SUNAT,LIMA,39,2,5.13,190079041.0,True
GOBIERNO REGIONAL DE CALLAO SEDE CENTRAL,CALLAO,20,1,5.0,80833721.0,True
GOBIERNO REGIONAL DE ICA-HOSPITAL REGIONAL DE ICA,ICA,20,1,5.0,3714292.0,True
GOBIERNO REGIONAL DE LORETO SEDE CENTRAL,LORETO,20,1,5.0,30603260.0,True
GOBIERNO REGIONAL DE PIURA SEDE CENTRAL,PIURA,20,1,5.0,203762043.0,True
MUNICIPALIDAD PROVINCIAL DE ISLAY - MOLLENDO,AREQUIPA,20,1,5.0,4081734.0,True
GOBIERNO REGIONAL DEL CALLAO - COMITE DE ADMINISTRACION DEL FONDO EDUCATIVO DEL CALLAO,CALLAO,21,1,4.76,3695263.0,True
MUNICIPALIDAD DISTRITAL DE MARCONA,ICA,44,2,4.55,294902083.0,True
EMPRESA CONCESIONARIA DE ELECTRICIDAD DE UCAYALI S.A.,UCAYALI,22,1,4.55,9596106.0,True
MUNICIPALIDAD PROVINCIAL DE HUAMANGA,AYACUCHO,22,1,4.55,4248622.0,True
ENTIDAD PRESTADORA DE SERVICIO DE SANEAMIENTO DE TACNA S.A,TACNA,23,1,4.35,9234515.0,True
MUNICIPALIDAD DISTRITAL DE SAN ANTONIO,MOQUEGUA,47,2,4.26,10477852.0,True
II DIRECCION TERRITORIAL DE POLICIA CHICLAYO,LAMBAYEQUE,24,1,4.17,4348306.0,True
MUNICIPALIDAD DISTRITAL DE SAN ISIDRO - LIMA,LIMA,25,1,4.0,3999615.0,True
MUNICIPALIDAD PROVINCIAL DE ABANCAY,APURIMAC,25,1,4.0,6978113.0,True
GOBIERNO REGIONAL DE AYACUCHO SEDE CENTRAL,AYACUCHO,152,6,3.95,113429527.0,True
GOBIERNO REGIONAL DE HUANUCO SEDE CENTRAL,HUANUCO,51,2,3.92,46336572.0,True
GOBIERNO REGIONAL DE TACNA Sede Central,TACNA,26,1,3.85,29401411.0,True
PROGRAMA DE DESARROLLO PRODUCTIVO AGRARIO RURAL - AGRO RURAL,LIMA,79,3,3.8,25618352.0,True
GOBIERNO REGIONAL DE LA LIBERTAD - PROYECTO ESPECIAL CHAVIMOCHIC,LA LIBERTAD,27,1,3.7,12612390.0,True
MUNICIPALIDAD DISTRITAL DE EL AGUSTINO,LIMA,29,1,3.45,12389264.0,True
GOBIERNO REGIONAL DE ANCASH - SEDE CENTRAL,ANCASH,37,1,2.7,6303103.0,True
GOBIERNO REGIONAL DE LAMBAYEQUE Sede Central,LAMBAYEQUE,40,1,2.5,10765845.0,True
MUNICIPALIDAD PROVINCIAL DE JORGE BASADRE - LOCUMBA,TACNA,43,1,2.33,10407974.0,True
GOBIERNO REGIONAL DE UCAYALI SEDE CENTRAL,UCAYALI,44,1,2.27,192664412.0,True
GOBIERNO REGIONAL DE SAN MARTIN Sede Central,SAN MARTIN,48,1,2.08,43897904.0,True
MINISTERIO PUBLICO - CARPETA FISCAL ELECTRONICA,LIMA,48,1,2.08,2728280.0,True
GOBIERNO REGIONAL DE JUNIN SEDE CENTRAL,JUNIN,64,1,1.56,423649364.0,True
GOBIERNO REGIONAL DE MADRE DE DIOS SEDE CENTRAL,MADRE DE DIOS,78,1,1.28,17180728.0,True
GOBIERNO REGIONAL DE CUSCO SEDE CENTRAL,CUSCO,131,1,0.76,52798776.0,True
MUNICIPALIDAD DISTRITAL DE SAN MARCOS,ANCASH,162,1,0.62,127082843.0,True
GOBIERNO REGIONAL DE PUNO SEDE CENTRAL,PUNO,200,0,0.0,137745870.0,True
GOBIERNO REGIONAL DE APURIMAC SEDE CENTRAL,APURIMAC,76,0,0.0,23062494.0,True
GOBIERNO REGIONAL DE LIMA SEDE CENTRAL,LIMA,70,0,0.0,41334929.0,True
MUNICIPALIDAD PROVINCIAL DEL CUSCO,CUSCO,60,0,0.0,10400996.0,True
MUNICIPALIDAD DISTRITAL DE NUEVO CHIMBOTE,ANCASH,59,0,0.0,52949561.0,True
MUNICIPALIDAD PROVINCIAL DE COTABAMBAS - TAMBOBAMBA,APURIMAC,52,0,0.0,8777777.0,True
MUNICIPALIDAD PROVINCIAL DE ESPINAR,CUSCO,51,0,0.0,11543254.0,True
MUNICIPALIDAD DISTRITAL DE PICHARI,CUSCO,47,0,0.0,6834781.0,True
MUNICIPALIDAD DISTRITAL DE CHALLHUAHUACHO,APURIMAC,39,0,0.0,6942702.0,True
MUNICIPALIDAD PROVINCIAL DEL ALTO AMAZONAS - YURIMAGUAS,LORETO,39,0,0.0,19670266.0,True
GOBIERNO REGIONAL DE APURIMAC-CHANKA,APURIMAC,37,0,0.0,9692579.0,True
GOBIERNO REGIONAL DE AREQUIPA Sede Central,AREQUIPA,35,0,0.0,9757782.0,True
MUNICIPALIDAD DISTRITAL DE SAN MIGUEL,PUNO,32,0,0.0,8662426.0,True
MUNICIPALIDAD PROVINCIAL DE ANDAHUAYLAS,APURIMAC,31,0,0.0,7956189.0,True
MUNICIPALIDAD PROVINCIAL DE HUARAZ,ANCASH,30,0,0.0,13804340.0,True
MUNICIPALIDAD PROVINCIAL DE SANTA - CHIMBOTE,ANCASH,29,0,0.0,26998019.0,True
EMPRESA REGIONAL DE SERVICIO PUBLICO DE ELECTRICIDAD ELECTRO NOR MEDIO SA HIDRANDINA,LA LIBERTAD,28,0,0.0,11688990.0,True
GOBIERNO REGIONAL DE PASCO SEDE CENTRAL,PASCO,28,0,0.0,34074515.0,True
GOBIERNO REGIONAL DE AMAZONAS SEDE CENTRAL,AMAZONAS,27,0,0.0,11735071.0,True
UNIVERSIDAD NACIONAL JOSE MARIA ARGUEDAS,APURIMAC,27,0,0.0,8951191.0,True
GOBIERNO REGIONAL DE APURIMAC-TRANSPORTES CHANKA,APURIMAC,26,0,0.0,8114003.0,True
GOBIERNO REGIONAL DE CUSCO - PROYECTO ESPECIAL PLAN MERISS INKA,CUSCO,26,0,0.0,17250795.0,True
GOBIERNO REGIONAL DE PUNO-PROGRAMA REGIONAL DE RIEGO Y DRENAJE,PUNO,26,0,0.0,5904044.0,True
MUNICIPALIDAD DISTRITAL DE MEGANTONI,CUSCO,26,0,0.0,51248307.0,True
MUNICIPALIDAD PROVINCIAL DE LA CONVENCION - SANTA ANA,CUSCO,26,0,0.0,3237866.0,True
SOCIEDAD ELECTRICA DEL SUR OESTE S.A.,AREQUIPA,26,0,0.0,25410186.0,True
MUNICIPALIDAD DISTRITAL DE CHAVIN DE HUANTAR,ANCASH,25,0,0.0,16538797.0,True
MUNICIPALIDAD PROVINCIAL DE LEONCIO PRADO - RUPA RUPA,HUANUCO,25,0,0.0,37938071.0,True
MUNICIPALIDAD PROVINCIAL DE SAN IGNACIO,CAJAMARCA,25,0,0.0,4097691.0,True
MUNICIPALIDAD PROVINCIAL DE TRUJILLO,LA LIBERTAD,25,0,0.0,42026178.0,True
MUNICIPALIDAD DISTRITAL DE QUELLOUNO,CUSCO,23,0,0.0,3832112.0,True
MUNICIPALIDAD DISTRITAL DE SAN JOSE DE LOURDES,CAJAMARCA,23,0,0.0,23120504.0,True
GOBIERNO REGIONAL DE AREQUIPA - GERENCIA REGIONAL DE TRANSPORTES Y COMUNICACIONES,AREQUIPA,22,0,0.0,12382809.0,True
MUNICIPALIDAD DISTRITAL  DE KUMPIRUSHIATO,CUSCO,22,0,0.0,6772345.0,True
MUNICIPALIDAD DISTRITAL DE PANGOA,JUNIN,22,0,0.0,11032658.0,True
MUNICIPALIDAD DISTRITAL DE TORATA,MOQUEGUA,22,0,0.0,3746191.0,True
MUNICIPALIDAD PROVINCIAL DE CORONEL PORTILLO,UCAYALI,22,0,0.0,18560932.0,True
MUNICIPALIDAD DISTRITAL DE SANTIAGO - CUSCO,CUSCO,21,0,0.0,4130503.0,True
MUNICIPALIDAD PROVINCIAL DE EL COLLAO - ILAVE,PUNO,21,0,0.0,3806501.0,True
MUNICIPALIDAD PROVINCIAL DE SANCHEZ CARRION - HUAMACHUCO,LA LIBERTAD,21,0,0.0,14491573.0,True
MUNICIPALIDAD PROVINCIAL DE SATIPO,JUNIN,21,0,0.0,10590103.0,True
MUNICIPALIDAD DISTRITAL DE COYLLURQUI,APURIMAC,20,0,0.0,12279930.0,True
MUNICIPALIDAD DISTRITAL DE LA MOLINA,LIMA,20,0,0.0,33835809.0,True
MUNICIPALIDAD DISTRITAL DE RIO TAMBO,JUNIN,20,0,0.0,26496556.0,True
MUNICIPALIDAD DISTRITAL DE SAN SEBASTIAN,CUSCO,20,0,0.0,3089046.0,True
GOBIERNO REGIONAL DE APURIMAC-GERENCIA SUBREGIONAL CHINCHEROS,APURIMAC,19,0,0.0,6206054.0,True
MUNICIPALIDAD DISTRITAL DE UNIÓN ASHÁNINKA,CUSCO,19,0,0.0,3790597.0,True
MUNICIPALIDAD DISTRITAL DE VENTANILLA,CALLAO,19,0,0.0,7034160.0,True
MUNICIPALIDAD PROVINCIAL DE ATALAYA - RAYMONDI,UCAYALI,19,0,0.0,18132856.0,True
MUNICIPALIDAD PROVINCIAL DE PIURA,PIURA,19,0,0.0,6335791.0,True
MUNICIPALIDAD PROVINCIAL DE VIRU,LA LIBERTAD,19,0,0.0,19375874.0,True
MUNICIPALIDAD DISTRITAL DE HUACHIS,ANCASH,18,0,0.0,4218649.0,True
MUNICIPALIDAD DISTRITAL DE LLAYLLA,JUNIN,18,0,0.0,18311888.0,True
MUNICIPALIDAD DISTRITAL DE PUENTE PIEDRA,LIMA,18,0,0.0,20543354.0,True
MUNICIPALIDAD PROVINCIAL DE DOS DE MAYO - LA UNION,HUANUCO,18,0,0.0,24497273.0,True
SERVICIO NACIONAL DE AREAS NATURALES PROTEGIDAS POR EL ESTADO - SERNANP,LIMA,18,0,0.0,3129113.0,True
CONGRESO DE LA REPUBLICA,LIMA,17,0,0.0,3795277.0,True
MUNICIPALIDAD DISTRITAL DE ACORA,PUNO,17,0,0.0,1899284.0,True
MUNICIPALIDAD DISTRITAL DE SAN JUAN DE MIRAFLORES,LIMA,17,0,0.0,14793869.0,True
MUNICIPALIDAD PROVINCIAL DE CARABAYA - MACUSANI,PUNO,17,0,0.0,4867611.0,True
DIRECCIÓN DE SANIDAD DE LA PNP,LIMA,16,0,0.0,13434189.0,True
GOBIERNO REGIONAL DE CUSCO-INSTITUTO DE MANEJO DE AGUA Y MEDIO AMBIENTE( IMA),CUSCO,16,0,0.0,4189817.0,True
GOBIERNO REGIONAL DE HUANUCO-TRANSPORTES,HUANUCO,16,0,0.0,3509522.0,True
HOSPITAL DE EMERGENCIAS - JOSÉ CASIMIRO ULLOA,LIMA,16,0,0.0,6163297.0,True
MUNICIPALIDAD DISTRITAL DE PERENE,JUNIN,16,0,0.0,6302144.0,True
MUNICIPALIDAD PROVINCIAL DE ANTA,CUSCO,16,0,0.0,1726658.0,True
MUNICIPALIDAD PROVINCIAL DE HUARAL,LIMA,16,0,0.0,7530665.0,True
MUNICIPALIDAD PROVINCIAL DE LAURICOCHA,HUANUCO,16,0,0.0,139815113.0,True
MUNICIPALIDAD PROVINCIAL DE PUNO,PUNO,16,0,0.0,2292567.0,True
SERVICIO DE AGUA POTABLE Y ALCANTARILLADO MUNICIPAL DE HUANCAYO,JUNIN,16,0,0.0,6214914.0,True
EMPRESA REGIONAL DE SERVICIOS PUBLICOS DE ELECTRICIDAD DEL SUR ESTE S.A.,CUSCO,15,0,0.0,43316433.0,True
GOBIERNO REGIONAL DE LA LIBERTAD Sede Central,LA LIBERTAD,15,0,0.0,17324693.0,True
MUNICIPALIDAD DISTRITAL DE RIO NEGRO,JUNIN,15,0,0.0,12021892.0,True
MUNICIPALIDAD DISTRITAL DE SAN PEDRO DE CHANA,ANCASH,15,0,0.0,3977898.0,True
MUNICIPALIDAD DISTRITAL DE SOROCHUCO,CAJAMARCA,15,0,0.0,5171789.0,True
MUNICIPALIDAD PROVINCIAL DE HUARI,ANCASH,15,0,0.0,5683705.0,True
UNIVERSIDAD NACIONAL SAN CRISTOBAL DE HUAMANGA,AYACUCHO,15,0,0.0,2598733.0,True
UNIDAD EJECUTORA 002 CONSERVACION DE BOSQUES,LIMA,14,14,100.0,1716537.0,False
GOBIERNO REGIONAL DE ANCASH - DIRECCION DE RED DE SALUD PACIFICO NORTE,ANCASH,11,11,100.0,773201.0,False
MINISTERIO DE JUSTICIA Y DERECHOS HUMANOS,LIMA,7,7,100.0,17581736.0,False
MINAG - PROYECTO ESPECIAL BINACIONAL PUYANGO - TUMBES,TUMBES,6,6,100.0,1406784.0,False
"UNIDAD EJECUTORA 022 \""PROYECTO DE TRANSFORMACIÓN DIGITAL CON EQUIDAD - PROTDE",LIMA,5,5,100.0,163488.0,False
MUNICIPALIDAD DISTRITAL DE SANTA CATALINA DE MOSSA,PIURA,4,4,100.0,1521266.0,False
HOSPITAL DE LIMA ESTE - VITARTE,LIMA,3,3,100.0,354820.0,False
FORTALECIMIENTO DEL SISTEMA NACIONAL DE VIGILANCIA EN SALUD PÚBLICA,LIMA,2,2,100.0,137224.0,False
INPE-DIRECCION REGIONAL ORIENTE PUCALLPA,UCAYALI,2,2,100.0,3118064.0,False
MINISTERIO PUBLICO - GERENCIA ADMINISTRATIVA DE AREQUIPA,AREQUIPA,2,2,100.0,529200.0,False
MUNICIPALIDAD DISTRITAL DE HUALLAGA,SAN MARTIN,2,2,100.0,9963727.0,False
MUNICIPALIDAD DISTRITAL DE UTCO,CAJAMARCA,2,2,100.0,2258635.0,False
MUNICIPALIDAD PROVINCIAL DE PAUCAR DEL SARA SARA - PAUSA,AYACUCHO,2,2,100.0,1241078.0,False
PROCURADURIA GENERAL DEL ESTADO,LIMA,2,2,100.0,6249600.0,False
PROGRAMA DE DESARROLLO DE SANIDAD AGROPECUARIA,LIMA,2,2,100.0,1000036.0,False
UNIVERSIDAD NACIONAL INTERCULTURAL FABIOLA SALAZAR LEGUIA DE BAGUA,AMAZONAS,2,2,100.0,1332432.0,False
AUTORIDAD NACIONAL DEL SERVICIO CIVIL,LIMA,1,1,100.0,441996.0,False
"CENTRO DE EXPORTACIÓN, TRANSFORMACIÓN, INDUSTRIA, COMERCIO Y SERVICIOS DE PAITA",PIURA,1,1,100.0,2600.0,False
CONTRALORÍA GENERAL - GESTIÓN DE PROYECTOS Y FORTALECIMIENTO DE CAPACIDADES,LIMA,1,1,100.0,25000.0,False
CORTE SUPERIOR DE JUSTICIA DE PIURA,PIURA,1,1,100.0,140400.0,False
ESCUELA NACIONAL DE BELLAS ARTES,LIMA,1,1,100.0,805000.0,False
ESCUELA NACIONAL SUPERIOR DE FOLKLORE,LIMA,1,1,100.0,63904.0,False
FONDO DE COOPERACION PARA EL DESARROLLO SOCIAL,LIMA,1,1,100.0,259369.0,False
GOBIERNO REGIONAL DE PUNO-SALUD COLLAO,PUNO,1,1,100.0,108250.0,False
GOBIERNO REGIONAL DE TUMBES-TRANSPORTES,TUMBES,1,1,100.0,273226.0,False
GOBIERNO REGIONAL DEL CALLAO - HOSPITAL DE APOYO SAN JOSE,CALLAO,1,1,100.0,104998.0,False
HOSPITAL HERMILIO VALDIZAN,LIMA,1,1,100.0,693333.0,False
INSTITUTO METROPOLITANO DE PLANIFICACION,LIMA,1,1,100.0,300333.0,False
INSTITUTO VIAL PROVINCIAL MUNICIPALIDAD DE PALLASCA,ANCASH,1,1,100.0,64152.0,False
MEJORAMIENTO DE LA CALIDAD DE LA EDUCACION BASICA,LIMA,1,1,100.0,270000.0,False
MINAG - PROYECTO ESPECIAL JEQUETEPEQUE - ZAÑA,CAJAMARCA,1,1,100.0,179891.0,False
MINISTERIO DE DESARROLLO E INCLUSION SOCIAL - ORGANISMO DE FOCALIZACION E INFORMACION SOCIAL,LIMA,1,1,100.0,1980000.0,False
MINISTERIO PUBLICO - GERENCIA ADMINISTRATIVA DEL CUSCO,CUSCO,1,1,100.0,46800.0,False
MUNICIPALIDAD DISTRITAL DE AGUA BLANCA,SAN MARTIN,1,1,100.0,100000.0,False
MUNICIPALIDAD DISTRITAL DE CANAYRE,AYACUCHO,1,1,100.0,99985.0,False
MUNICIPALIDAD DISTRITAL DE COLQUIOC,ANCASH,1,1,100.0,95647.0,False
MUNICIPALIDAD DISTRITAL DE HUAMANQUIQUIA,AYACUCHO,1,1,100.0,100000.0,False
MUNICIPALIDAD DISTRITAL DE INDEPENDENCIA - VILCASHUAMAN,AYACUCHO,1,1,100.0,100000.0,False
MUNICIPALIDAD DISTRITAL DE JILILI,PIURA,1,1,100.0,65000.0,False
MUNICIPALIDAD DISTRITAL DE LA BANDA DE SHILCAYO,SAN MARTIN,1,1,100.0,70000.0,False
MUNICIPALIDAD DISTRITAL DE LURICOCHA,AYACUCHO,1,1,100.0,105000.0,False
MUNICIPALIDAD DISTRITAL DE MADRIGAL,AREQUIPA,1,1,100.0,1200000.0,False
MUNICIPALIDAD DISTRITAL DE MOLINOS - PACHITEA,HUANUCO,1,1,100.0,420000.0,False
MUNICIPALIDAD DISTRITAL DE MOLLEBAYA,AREQUIPA,1,1,100.0,71422.0,False
MUNICIPALIDAD DISTRITAL DE MONZON,HUANUCO,1,1,100.0,85327.0,False
MUNICIPALIDAD DISTRITAL DE MORONA,LORETO,1,1,100.0,251103.0,False
MUNICIPALIDAD DISTRITAL DE QUERECOTILLO,PIURA,1,1,100.0,100000.0,False
MUNICIPALIDAD DISTRITAL DE RECTA,AMAZONAS,1,1,100.0,85010.0,False
MUNICIPALIDAD DISTRITAL DE SICSIBAMBA,ANCASH,1,1,100.0,56840.0,False
SECRETARIA TECNICA DEL CONSEJO FISCAL MEF,LIMA,1,1,100.0,425680.0,False
SERVICIO DE ADMINISTRACION TRIBUTARIA DE HUAMANGA - AYNI MUNICIPAL,AYACUCHO,1,1,100.0,168000.0,False
UNIVERSIDAD NACIONAL AUTONOMA DE CHOTA,CAJAMARCA,1,1,100.0,53760.0,False
UNIVERSIDAD NACIONAL DE FRONTERA - SULLANA,PIURA,1,1,100.0,294248.0,False
UNIVERSIDAD NACIONAL TECNOLÓGICA DE FRONTERA SAN IGNACIO DE LOYOLA,CAJAMARCA,1,1,100.0,540000.0,False
ZONA REGISTRAL NRO XIV SEDE AYACUCHO,AYACUCHO,1,1,100.0,199990.0,False
INSTITUTO NACIONAL DE CALIDAD - INACAL,LIMA,7,6,85.71,2018109.0,False
INSTITUTO DE INVESTIGACIONES DE LA AMAZONIA PERUANA - I.I.A.P.,LORETO,6,5,83.33,1015217.0,False
UNIDAD EJECUTORA 012 - OFICINA GENERAL DE INVERSIONES Y PROYECTOS,LIMA,6,5,83.33,443800.0,False
GOBIERNO REGIONAL DE ANCASH - SUB REGION PACIFICO,ANCASH,9,7,77.78,4249725.0,False
HOSPITAL NACIONAL DOCENTE MADRE NIÑO - SAN BARTOLOME,LIMA,9,7,77.78,9740575.0,False
MINISTERIO DE COMERCIO EXTERIOR Y TURISMO,LIMA,9,7,77.78,3436422.0,False
MINISTERIO DE TRANSPORTES Y COMUNICACIONES,LIMA,13,10,76.92,21572164.0,False
HOSPITAL NACIONAL DOS DE MAYO,LIMA,12,9,75.0,6640272.0,False
GOBIERNO REGIONAL DE ICA-AGRICULTURA,ICA,4,3,75.0,349800.0,False
"INSTITUTO GEOLOGICO, MINERO Y METALURGICO",LIMA,4,3,75.0,232197.0,False
MUNICIPALIDAD DISTRITAL DE PROVIDENCIA,AMAZONAS,4,3,75.0,2752180.0,False
UNIVERSIDAD NACIONAL DANIEL ALCIDES CARRION,PASCO,7,5,71.43,1347545.0,False
HOSPITAL JOSE AGURTO TELLO DE CHOSICA,LIMA,6,4,66.67,2964141.0,False
INSTITUTO NACIONAL MATERNO PERINATAL,LIMA,6,4,66.67,2484739.0,False
CORTE SUPERIOR DE JUSTICIA DE LA LIBERTAD,LA LIBERTAD,3,2,66.67,950397.0,False
GOBIERNO REGIONAL DE PUNO-SALUD MACUSANI,PUNO,3,2,66.67,1719958.0,False
JEFATURA DE LA X DIRECCION TERRITORIAL POLICIAL - DIRTEPOL DEL CUSCO,CUSCO,3,2,66.67,987030.0,False
MINISTERIO PUBLICO-GERENCIA ADMINISTRATIVA DE SAN MARTIN,SAN MARTIN,3,2,66.67,2114103.0,False
MUNICIPALIDAD DISTRITAL DE MILPUC,AMAZONAS,3,2,66.67,1602212.0,False
MUNICIPALIDAD DISTRITAL DE OCUMAL,AMAZONAS,3,2,66.67,1513837.0,False
MUNICIPALIDAD DISTRITAL DE PAMPA HERMOZA - LORETO,LORETO,3,2,66.67,1747747.0,False
MUNICIPALIDAD DISTRITAL DE RIMAC,LIMA,3,2,66.67,4862363.0,False
MUNICIPALIDAD DISTRITAL DE SAN MIGUEL DE EL FAIQUE,PIURA,3,2,66.67,768429.0,False
PROGRAMA NACIONAL DE ASISTENCIA SOLIDARIA PENSION 65,LIMA,3,2,66.67,657416.0,False
UNIDAD EJECUTORA MEJORAMIENTO DEL SISTEMA DE INFORMACION DE LA SUNAT - MSI,LIMA,3,2,66.67,128500.0,False
AUTORIDAD NACIONAL DEL AGUA,LIMA,8,5,62.5,3125363.0,False
PERUPETRO S.A.,LIMA,8,5,62.5,12802553.0,False
GOBIERNO REGIONAL DE LA LIBERTAD-INSTITUTO REGIONAL DE OFTALMOLOGIA,LA LIBERTAD,13,8,61.54,7272696.0,False
CORTE SUPERIOR DE JUSTICIA DE AYACUCHO,AYACUCHO,5,3,60.0,1343837.0,False
GOBIERNO REGIONAL DE LA LIBERTAD - HOSPITAL REGIONAL DOCENTE DE TRUJILLO,LA LIBERTAD,5,3,60.0,2793564.0,False
"INSTITUTO NACIONAL DE RADIO, TELEVISION DEL PERU",LIMA,5,3,60.0,462855.0,False
MUNICIPALIDAD DISTRITAL DE OLLEROS - CHACHAPOYAS,AMAZONAS,5,3,60.0,5817894.0,False
MINISTERIO DE SALUD,LIMA,7,4,57.14,6448271.0,False
GOBIERNO REGIONAL DE CAJAMARCA-HOSPITAL GENERAL DE JAEN,CAJAMARCA,10,5,50.0,2656733.0,False
PROGRAMA NACIONAL DE SANEAMIENTO RURAL,LIMA,10,5,50.0,4270175.0,False
CORTE SUPERIOR DE JUSTICIA DE LIMA,LIMA,8,4,50.0,9380802.0,False
GOBIERNO REGIONAL DE PASCO-SALUD AIS HOSPITAL DANIEL A.CARRION,PASCO,6,3,50.0,4165328.0,False
MUNICIPALIDAD DISTRITAL DE YURA,AREQUIPA,6,3,50.0,12361415.0,False
UNIDAD EJECUTORA 140 HOSPITAL DE HUAYCAN,LIMA,6,3,50.0,9434755.0,False
CONSERVATORIO NACIONAL DE MUSICA,LIMA,4,2,50.0,358955.0,False
FONDO DE ASEGURAMIENTO EN SALUD DE LA POLICIA NACIONAL DEL PERU,LIMA,4,2,50.0,3598979.0,False
FONDO MIVIVIENDA S.A.,LIMA,4,2,50.0,3627840.0,False
INSTITUTO NACIONAL DE REHABILITACION,LIMA,4,2,50.0,950469.0,False
MUNICIPALIDAD DISTRITAL DE CHACLACAYO,LIMA,4,2,50.0,1404093.0,False
MUNICIPALIDAD DISTRITAL DE COCHAMAL,AMAZONAS,4,2,50.0,3570712.0,False
MUNICIPALIDAD DISTRITAL DE INDEPENDENCIA - LIMA,LIMA,4,2,50.0,698383.0,False
MUNICIPALIDAD DISTRITAL DE JALCA GRANDE,AMAZONAS,4,2,50.0,5187333.0,False
PROGRAMA NACIONAL DE INFRAESTRUCTURA EDUCATIVA UE 108 - PRONIED,LIMA,4,2,50.0,2124369.0,False
SERVICIOS POSTALES DEL PERU S.A.,LIMA,4,2,50.0,1688400.0,False
CORTE SUPERIOR DE JUSTICIA DE APURIMAC,APURIMAC,2,1,50.0,369110.0,False
CORTE SUPERIOR DE JUSTICIA DE CUSCO,CUSCO,2,1,50.0,2193157.0,False
CORTE SUPERIOR DE JUSTICIA DE LAMBAYEQUE,LAMBAYEQUE,2,1,50.0,172032.0,False
DIRECCION EJECUTIVA DE EDUCACION Y DOCTRINA PNP,LIMA,2,1,50.0,2209586.0,False
EMPRESA DE GENERACION ELECTRICA DEL SUR S.A.,TACNA,2,1,50.0,372730.0,False
GOBIERNO REGIONAL DE AREQUIPA - HOSPITAL CENTRAL DE MAJES ING. ANGEL GABRIEL CHURA GALLEGOS,AREQUIPA,2,1,50.0,163062.0,False
GOBIERNO REGIONAL DE CAJAMARCA UNIDAD EJECUTORA PROGRAMAS REGIONALES - PROREGION,CAJAMARCA,2,1,50.0,255835797.0,False
GOBIERNO REGIONAL DE CAJAMARCA-SALUD CUTERVO,CAJAMARCA,2,1,50.0,384402.0,False
GOBIERNO REGIONAL DE CUSCO-RED DE SERVICIOS DE SALUD CUSCO NORTE,CUSCO,2,1,50.0,538460.0,False
GOBIERNO REGIONAL DE ICA - PROYECTO ESPECIAL TAMBO CCARACOCHA,ICA,2,1,50.0,8475278.0,False
GOBIERNO REGIONAL DE PASCO - DIRECCION  REGIONAL  DE TRANSPORTES Y COMUNICACIONES,PASCO,2,1,50.0,534333.0,False
GOBIERNO REGIONAL DE PUNO-SALUD YUNGUYO,PUNO,2,1,50.0,137600.0,False
GOBIERNO REGIONAL DE UCAYALI - RED DE SALUD N° 02 FEDERICO BASADRE,UCAYALI,2,1,50.0,199331.0,False
GOBIERNO REGIONAL DEL CALLAO - HOSPITAL DANIEL ALCIDES CARRION,CALLAO,2,1,50.0,1096000.0,False
HOSPITAL NACIONAL HIPOLITO UNANUE,LIMA,2,1,50.0,1333729.0,False
INSTITUTO NACIONAL DE INVESTIGACION EN GLACIARES Y ECOSISTEMAS DE MONTAÑA,LIMA,2,1,50.0,1022000.0,False
MINISTERIO DE AGRICULTURA Y RIEGO,LIMA,2,1,50.0,170479.0,False
MINISTERIO PUBLICO - GERENCIA ADMINISTRATIVA DE AMAZONAS,AMAZONAS,2,1,50.0,2668400.0,False
MINISTERIO PUBLICO - GERENCIA ADMINISTRATIVA DE LA LIBERTAD,LA LIBERTAD,2,1,50.0,334687.0,False
MUNICIPALIDAD DISTRITAL DE AWAJUN,SAN MARTIN,2,1,50.0,1336469.0,False
MUNICIPALIDAD DISTRITAL DE BELLAVISTA - PROV. CALLAO,CALLAO,2,1,50.0,3437447.0,False
MUNICIPALIDAD DISTRITAL DE CHAZUTA,SAN MARTIN,2,1,50.0,1800270.0,False
MUNICIPALIDAD DISTRITAL DE CHETILLA,CAJAMARCA,2,1,50.0,404902.0,False
MUNICIPALIDAD DISTRITAL DE DANIEL HERNANDEZ,HUANCAVELICA,2,1,50.0,1342466.0,False
MUNICIPALIDAD DISTRITAL DE ORONCCOY,AYACUCHO,2,1,50.0,246026.0,False
MUNICIPALIDAD DISTRITAL DE PACHIA,TACNA,2,1,50.0,2608720.0,False
MUNICIPALIDAD DISTRITAL DE PARINARI,LORETO,2,1,50.0,1070683.0,False
MUNICIPALIDAD DISTRITAL DE SAN JACINTO,TUMBES,2,1,50.0,204046.0,False
MUNICIPALIDAD DISTRITAL DE SAN JERONIMO DE TUNAN,JUNIN,2,1,50.0,973895.0,False
MUNICIPALIDAD DISTRITAL DE SAN JUAN DE LOPECANCHA,AMAZONAS,2,1,50.0,1377941.0,False
MUNICIPALIDAD DISTRITAL DE SAN MIGUEL DE MAYOCC,HUANCAVELICA,2,1,50.0,146419.0,False
MUNICIPALIDAD DISTRITAL DE SANTA CRUZ DE FLORES,LIMA,2,1,50.0,662064.0,False
MUNICIPALIDAD DISTRITAL DE SANTA LUCIA - LAMPA,PUNO,2,1,50.0,709040.0,False
MUNICIPALIDAD DISTRITAL DE SARAYACU,LORETO,2,1,50.0,404290.0,False
MUNICIPALIDAD DISTRITAL DE TONGOD,CAJAMARCA,2,1,50.0,7885492.0,False
MUNICIPALIDAD DISTRITAL DE YAMANGO,PIURA,2,1,50.0,5704919.0,False
MUNICIPALIDAD PROVINCIAL DE RODRIGUEZ DE MENDOZA - SAN NICOLAS,AMAZONAS,2,1,50.0,487000.0,False
ORGANISMO DE FORMALIZACION DE LA PROPIEDAD INFORMAL - COFOPRI,LIMA,2,1,50.0,460800.0,False
PROGRAMA AGUA SEGURA PARA LIMA Y CALLAO,LIMA,2,1,50.0,480300.0,False
PROGRAMA NACIONAL CONTRA LA VIOLENCIA FAMILIAR Y SEXUAL - PNCVFS,LIMA,2,1,50.0,610000.0,False
PROGRAMA NACIONAL DE APOYO DIRECTO A LOS MAS POBRES,LIMA,2,1,50.0,417013.0,False
TRIBUNAL CONSTITUCIONAL,LIMA,2,1,50.0,1743746.0,False
"PROYECTO ESPECIAL DE DESARROLLO DEL VALLE DE LOS RÍO APURIMAC, ENE Y MANTARO- PROVRAEM",AYACUCHO,13,6,46.15,4264865.0,False
COMISION NACIONAL DE INVESTIGACION Y DESARROLLO AEROESPACIAL,LIMA,11,5,45.45,2955924.0,False
OFICINA DE NORMALIZACION PREVISIONAL,LIMA,9,4,44.44,5873928.0,False
INSTITUTO DEL MAR DEL PERU,CALLAO,7,3,42.86,1371728.0,False
GOBIERNO REGIONAL DE LA LIBERTAD-SALUD UTES TRUJILLO ESTE,LA LIBERTAD,12,5,41.67,3981009.0,False
INSTITUTO NACIONAL DE OFTALMOLOGIA,LIMA,10,4,40.0,3234574.0,False
CORPORACION PERUANA DE AEROPUERTOS Y AVIACION COMERCIAL S.A.- CORPAC,CALLAO,5,2,40.0,7862091.0,False
DIRECCION DE REDES INTEGRADAS DE SALUD LIMA ESTE,LIMA,5,2,40.0,1824059.0,False
GOBIERNO REGIONAL DE SAN MARTIN - UNIDAD EJECUTORA HOSPITAL II-2 TARAPOTO,SAN MARTIN,5,2,40.0,7331097.0,False
MUNICIPALIDAD DISTRITAL DE MARCAPOMACOCHA,JUNIN,5,2,40.0,2420618.0,False
MUNICIPALIDAD DISTRITAL DE SITACOCHA,CAJAMARCA,5,2,40.0,1735060.0,False
ORGANISMO TECNICO DE LA ADMINISTRACION DE SERVICIOS DE SANEAMIENTO,LIMA,5,2,40.0,535445.0,False
UNIVERSIDAD NACIONAL DE BARRANCA,LIMA,5,2,40.0,505842.0,False
UNIVERSIDAD NACIONAL DE HUANCAVELICA,HUANCAVELICA,5,2,40.0,1699050.0,False
UNIVERSIDAD NACIONAL DE JULIACA,PUNO,5,2,40.0,1409609.0,False
UNIVERSIDAD NACIONAL DE TUMBES,TUMBES,13,5,38.46,6549679.0,False
GOBIERNO REGIONAL DE LAMBAYEQUE-TRANSPORTES,LAMBAYEQUE,8,3,37.5,8399514.0,False
GOBIERNO REGIONAL DE TUMBES - DIRECCION REGIONAL AGRARIA TUMBES,TUMBES,8,3,37.5,3188237.0,False
SUPERINTENDENCIA NACIONAL DE SERVICIOS DE SANEAMIENTO,LIMA,8,3,37.5,4801149.0,False
DIRECCION DE SALUD IV L.E. - UNIDAD EJECUTORA HOSPITAL SAN JUAN DE LURIGANCHO,LIMA,11,4,36.36,5493815.0,False
HOSPITAL DE EMERGENCIAS PEDIATRICAS,LIMA,11,4,36.36,2300057.0,False
INSTITUTO NACIONAL DE INNOVACION AGRARIA - INIA,LIMA,14,5,35.71,5188010.0,False
SISTEMA METROPOLITANO DE LA SOLIDARIDAD,LIMA,14,5,35.71,17808046.0,False
DIRECCION DE ECONOMIA Y FINANZAS DE LA POLICIA NACIONAL DEL PERU - PNP,LIMA,12,4,33.33,37319310.0,False
INSTITUTO GEOFISICO DEL PERU,LIMA,12,4,33.33,1810560.0,False
PROGRAMA NACIONAL DE SANEAMIENTO URBANO,LIMA,12,4,33.33,37722690.0,False
CAJA DE PENSIONES MILITAR - POLICIAL,LIMA,6,2,33.33,1307398.0,False
CORTE SUPERIOR DE JUSTICIA DE PUNO,PUNO,6,2,33.33,1460458.0,False
EMPRESA DE ELECTRICIDAD DEL PERÚ S.A. - ELECTROPERU,LIMA,6,2,33.33,57977742.0,False
INPE-DIRECCION REGIONAL LIMA,LIMA,6,2,33.33,14215065.0,False
CONSEJO NACIONAL DE LA MAGISTRATURA,LIMA,3,1,33.33,1124041.0,False
CORTE SUPERIOR DE JUSTICIA DE HUANUCO,HUANUCO,3,1,33.33,1438651.0,False
EMPRESA .DE SERVICIOS ELECTRICOS MUNICIPALES DE PARAMONGA S.A.,LIMA,3,1,33.33,409060.0,False
FONDO NACIONAL DE FINANCIAMIENTO DE LA ACTIVIDAD EMPRESARIAL - FONAFE,LIMA,3,1,33.33,6146322.0,False
GOBIERNO REGIONAL CAJAMARCA UNIDAD EJECUTORA DE SALUD SANTA CRUZ,CAJAMARCA,3,1,33.33,191179.0,False
GOBIERNO REGIONAL DE AYACUCHO-TRANSPORTES,AYACUCHO,3,1,33.33,890584.0,False
GOBIERNO REGIONAL DE CAJAMARCA-EDUCACION CAJAMARCA,CAJAMARCA,3,1,33.33,1346974.0,False
GOBIERNO REGIONAL DE MOQUEGUA - PROYECTO ESPECIAL REGIONAL PASTO GRANDE,MOQUEGUA,3,1,33.33,439512.0,False
GOBIERNO REGIONAL DE PUNO - SALUD SAN ANTONIO DE PUTINA,PUNO,3,1,33.33,315416.0,False
GOBIERNO REGIONAL DE SAN MARTIN - DIRECCION REGIONAL AGRARIA,SAN MARTIN,3,1,33.33,836531.0,False
GOBIERNO REGIONAL DE UCAYALI - GERENCIA SUB REGIONAL DE PURÚS,UCAYALI,3,1,33.33,588407.0,False
HOSPITAL SANTA ROSA,LIMA,3,1,33.33,5399408.0,False
INPE-DIRECCION REGIONAL SUR ORIENTE CUSCO,CUSCO,3,1,33.33,4174736.0,False
MINISTERIO DE DESARROLLO E INCLUSION SOCIAL,LIMA,3,1,33.33,886466.0,False
MINISTERIO DEL INTERIOR - PNP UE 001 OGA,LIMA,3,1,33.33,108991505.0,False
MUNICIPALIDAD DISTRITAL DE ASIA - CAÑETE,LIMA,3,1,33.33,1574501.0,False
MUNICIPALIDAD DISTRITAL DE CHAPARRA,AREQUIPA,3,1,33.33,1660264.0,False
MUNICIPALIDAD DISTRITAL DE COCHABAMBA,HUANCAVELICA,3,1,33.33,768767.0,False
MUNICIPALIDAD DISTRITAL DE CONCHUCOS,ANCASH,3,1,33.33,1674901.0,False
MUNICIPALIDAD DISTRITAL DE CONGAS,ANCASH,3,1,33.33,1226049.0,False
MUNICIPALIDAD DISTRITAL DE EL INGENIO,ICA,3,1,33.33,252068.0,False
MUNICIPALIDAD DISTRITAL DE HUEPETUHE,MADRE DE DIOS,3,1,33.33,1049522.0,False
MUNICIPALIDAD DISTRITAL DE JESUS,CAJAMARCA,3,1,33.33,4891317.0,False
MUNICIPALIDAD DISTRITAL DE KCOSÑIPATA,CUSCO,3,1,33.33,819000.0,False
MUNICIPALIDAD DISTRITAL DE ONGON,LA LIBERTAD,3,1,33.33,617086.0,False
MUNICIPALIDAD DISTRITAL DE PITIPO,LAMBAYEQUE,3,1,33.33,1371599.0,False
MUNICIPALIDAD DISTRITAL DE SALLIQUE,CAJAMARCA,3,1,33.33,2225799.0,False
MUNICIPALIDAD DISTRITAL DE SANTA MARIA DEL VALLE,HUANUCO,3,1,33.33,2963764.0,False
MUNICIPALIDAD DISTRITAL DE SANTA ROSA - MELGAR,PUNO,3,1,33.33,355595.0,False
MUNICIPALIDAD DISTRITAL DE TUCUME,LAMBAYEQUE,3,1,33.33,3398720.0,False
MUNICIPALIDAD DISTRITAL DE YACUS,HUANUCO,3,1,33.33,1057885.0,False
MUNICIPALIDAD PROVINCIAL DE CONTUMAZA,CAJAMARCA,3,1,33.33,393075.0,False
MUNICIPALIDAD PROVINCIAL DE YAROWILCA - CHAVINILLO,HUANUCO,3,1,33.33,669486.0,False
PROGRAMA NACIONAL CUNA MAS,LIMA,3,1,33.33,915565.0,False
PROGRAMA NACIONAL DE TELECOMUNICACIONES,LIMA,3,1,33.33,9841522.0,False
SERVICIO NACIONAL DE CAPACITACION PARA LA INDUSTRIA DE LA CONSTRUCCION,LIMA,3,1,33.33,1552092.0,False
SUPERINTENDENCIA NACIONAL DE ASEGURAMIENTO EN SALUD,LIMA,3,1,33.33,6923286.0,False
UNIDAD DE GESTION EDUCATIVA LOCAL UGEL 06 - VITARTE,LIMA,3,1,33.33,640506.0,False
UNIVERSIDAD NACIONAL AUTONOMA DE ALTO AMAZONAS,LORETO,3,1,33.33,924440.0,False
UNIVERSIDAD NACIONAL SAN MARTIN,SAN MARTIN,3,1,33.33,843521.0,False
GOBIERNO REGIONAL DE LAMBAYEQUE - PROYECTO ESPECIAL OLMOS - TINAJONES,LAMBAYEQUE,13,4,30.77,12766313.0,False
INSTITUTO PERUANO DEL DEPORTE,LIMA,13,4,30.77,5967877.0,False
MUNICIPALIDAD PROVINCIAL DE SULLANA,PIURA,13,4,30.77,6962819.0,False
GOBIERNO REGIONAL DE MADRE DE DIOS - HOSPITAL SANTA ROSA DE PUERTO MALDONADO,MADRE DE DIOS,10,3,30.0,1235519.0,False
GOBIERNO REGIONAL DE PUNO-SALUD SAN ROMAN,PUNO,10,3,30.0,1975056.0,False
SERVICIO NACIONAL DE METEOROLOGIA E HIDROLOGIA,LIMA,10,3,30.0,2183461.0,False
MUNICIPALIDAD PROVINCIAL DE CHICLAYO,LAMBAYEQUE,14,4,28.57,10432307.0,False
DEFENSORIA DEL PUEBLO,LIMA,7,2,28.57,1459911.0,False
EMPRESA PERUANA DE SERVICIO EDITORIALES,LIMA,7,2,28.57,1545995.0,False
FONDO INTANGIBLE SOLIDARIO DE SALUD,LIMA,7,2,28.57,100621469.0,False
GOBIERNO REGIONAL DE CAJAMARCA - SALUD CAJAMARCA,CAJAMARCA,7,2,28.57,1444692.0,False
GOBIERNO REGIONAL DE JUNIN - HOSPITAL REGIONAL DOCENTE DE MEDICINA TROPICAL DR. JULIO CESAR DEMARINI CARO,JUNIN,7,2,28.57,1505948.0,False
GOBIERNO REGIONAL DE PIURA-HOSPITAL DE APOYO I SANTA ROSA PIURA,PIURA,7,2,28.57,3373290.0,False
UNIDAD EJECUTORA DEL PLIEGO 011 MINISTERIO DE SALUD-DIRECCION DE REDES INTEGRADAS DE SALUD LIMA SUR,LIMA,7,2,28.57,2020371.0,False
ZONA ARQUEOLOGICA CARAL,LIMA,7,2,28.57,713047.0,False
AGENCIA DE PROMOCION DE LA INVERSION PRIVADA - PROINVERSION,LIMA,11,3,27.27,1474516.0,False
GOBIERNO REGIONAL DE JUNÍN - INSTITUTO REGIONAL DE ENFERMEDADES NEOPLÁSICAS DEL CENTRO,JUNIN,11,3,27.27,2184082.0,False
MUNICIPALIDAD DISTRITAL DE MACHUPICCHU,CUSCO,11,3,27.27,1434297.0,False
CORPORACION FINANCIERA DE DESARROLLO S.A.,LIMA,12,3,25.0,2963058.0,False
BANCO DE LA NACION,LIMA,8,2,25.0,10623079.0,False
EMPRESA DE GENERACION ELECTRICA DE AREQUIPA S.A. - EGASA,AREQUIPA,8,2,25.0,4250634.0,False
GOBIERNO REGIONAL DE PIURA - PROYECTO ESPECIAL DE IRRIGACION HIDROENERGETICO DEL ALTO PIURA,PIURA,8,2,25.0,2520847.0,False
MINISTERIO DE ENERGIA Y MINAS,LIMA,8,2,25.0,12514016.0,False
MINISTERIO DE LA MUJER Y POBLACIONES VULNERABLES- ADMINISTRACIÓN GENERAL,LIMA,8,2,25.0,3261326.0,False
MINISTERIO DE LA PRODUCCIÓN,LIMA,8,2,25.0,35191114.0,False
MUNICIPALIDAD DISTRITAL DE LONGAR,AMAZONAS,8,2,25.0,7533977.0,False
MUNICIPALIDAD DISTRITAL DE TENIENTE CESAR LOPEZ ROJAS,LORETO,8,2,25.0,7256681.0,False
MUNICIPALIDAD DISTRITAL DE YURUA,UCAYALI,8,2,25.0,3760993.0,False
CORTE SUPERIOR DE JUSTICIA DE LIMA NORTE,LIMA,4,1,25.0,852910.0,False
DIRECCION DE  AVIACION  POLICIAL - PNP,CALLAO,4,1,25.0,29588788.0,False
GOBIERNO REGIONAL DE HUANUCO - RED DE SALUD DE DOS DE MAYO UNIDAD EJECUTORA 406,HUANUCO,4,1,25.0,427292.0,False
GOBIERNO REGIONAL DE SAN MARTIN - PROYECTO ESPECIAL ALTO MAYO,SAN MARTIN,4,1,25.0,1359948.0,False
GOBIERNO REGIONAL DE SAN MARTÍN - SALUD ALTO HUALLAGA,SAN MARTIN,4,1,25.0,443741.0,False
MUNICIPALIDAD DISTRITAL DE ANANEA,PUNO,4,1,25.0,2487704.0,False
MUNICIPALIDAD DISTRITAL DE BELEN - MAYNAS,LORETO,4,1,25.0,10154904.0,False
MUNICIPALIDAD DISTRITAL DE CHILCA - HUANCAYO,JUNIN,4,1,25.0,516878.0,False
MUNICIPALIDAD DISTRITAL DE LAS LOMAS,PIURA,4,1,25.0,2618998.0,False
MUNICIPALIDAD DISTRITAL DE LINCE,LIMA,4,1,25.0,554365.0,False
MUNICIPALIDAD DISTRITAL DE MAGDALENA DEL MAR,LIMA,4,1,25.0,2800370.0,False
MUNICIPALIDAD DISTRITAL DE MOTUPE,LAMBAYEQUE,4,1,25.0,1047184.0,False
MUNICIPALIDAD DISTRITAL DE SAMANCO,ANCASH,4,1,25.0,1673892.0,False
MUNICIPALIDAD DISTRITAL DE TROMPETEROS,LORETO,4,1,25.0,1330366.0,False
MUNICIPALIDAD PROVINCIAL DE HUAROCHIRI - MATUCANA,LIMA,4,1,25.0,3036705.0,False
MUNICIPALIDAD PROVINCIAL DE JULCAN,LA LIBERTAD,4,1,25.0,971636.0,False
PROGRAMA DEL GOBIERNO REGIONAL DE LIMA METROPOLITANA,LIMA,4,1,25.0,2557064.0,False
SUPERINTENDENCIA NACIONAL DE FISCALIZACION LABORAL,LIMA,4,1,25.0,7222365.0,False
UNIDAD DE GESTION EDUCATIVA LOCAL UGEL 02 - RIMAC,LIMA,4,1,25.0,8394044.0,False
UNIDAD EJECUTORA 003:PROGRAMA MODERNIZACION DEL SISTEMA DE ADMINISTRACION DE JUSTICIA,LIMA,4,1,25.0,183600.0,False
UNIVERSIDAD NACIONAL DE LA AMAZONIA PERUANA,LORETO,4,1,25.0,1160248.0,False
UNIVERSIDAD NACIONAL DEL ALTIPLANO,PUNO,4,1,25.0,511667.0,False
UNIVERSIDAD NACIONAL DEL SANTA,ANCASH,4,1,25.0,1634239.0,False
UNIVERSIDAD NACIONAL INTERCULTURAL DE LA SELVA CENTRAL JUAN SANTOS ATAHUALPA,JUNIN,4,1,25.0,1842148.0,False
GOBIERNO REGIONAL DE CAJAMARCA-HOSPITAL CAJAMARCA,CAJAMARCA,13,3,23.08,4997217.0,False
GOBIERNO REGIONAL DE LAMBAYEQUE - HOSPITAL REGIONAL LAMBAYEQUE,LAMBAYEQUE,13,3,23.08,8168369.0,False
EMPRESA REGIONAL DE SERVICIOS PUBLICOS DE ELECTRICIDAD DEL ORIENTE,LORETO,9,2,22.22,10433707.0,False
GOBIERNO REGIONAL DE ANCASH-SALUD UTES RECUAY CARHUAZ,ANCASH,9,2,22.22,1577500.0,False
GOBIERNO REGIONAL DE AYACUCHO - UNIDAD EJECUTORA SALUD CENTRO AYACUCHO,AYACUCHO,9,2,22.22,1707963.0,False
GOBIERNO REGIONAL DE LA LIBERTAD - U.E. 403-SALUD TRUJILLO-SUR OESTE,LA LIBERTAD,9,2,22.22,4101572.0,False
GOBIERNO REGIONAL DE PIURA-HOSPITAL DE APOYO III SULLANA,PIURA,9,2,22.22,2786691.0,False
UNIVERSIDAD NACIONAL SANTIAGO ANTUNEZ DE MAYOLO,ANCASH,9,2,22.22,2603891.0,False
MUNICIPALIDAD PROVINCIAL DE MORROPON - CHULUCANAS,PIURA,14,3,21.43,11078422.0,False
DIRECCION DE REDES INTEGRADAS DE SALUD LIMA CENTRO,LIMA,10,2,20.0,6453611.0,False
GOBIERNO REGIONAL DE CUSCO - UNIDAD EJECUTORA HOSPITAL ANTONIO LORENA,CUSCO,10,2,20.0,3413571.0,False
MUNICIPALIDAD DISTRITAL DE ANCON,LIMA,10,2,20.0,5396666.0,False
DESPACHO PRESIDENCIAL,LIMA,5,1,20.0,4781161.0,False
EMPRESA MUNICIPAL DE AGUA POTABLE Y ALCANTARILLADO DE TAMBOPATA S.R.L.,MADRE DE DIOS,5,1,20.0,1498838.0,False
EMPRESA REGIONAL DE SERVICIO PUBLICO DE ELECTRICIDAD - ELECTROSUR S.A.,TACNA,5,1,20.0,723414.0,False
GOBIERNO REGIONAL DE APURIMAC - HOSPITAL GUILLERMO DIAZ DE LA VEGA ABANCAY,APURIMAC,5,1,20.0,494201.0,False
GOBIERNO REGIONAL DE HUANCAVELICA-AGRICULTURA,HUANCAVELICA,5,1,20.0,1208929.0,False
GOBIERNO REGIONAL DE JUNIN - DIRECCIÓN REGIONAL DE SALUD DE JUNIN - RED DE SALUD - TARMA,JUNIN,5,1,20.0,605514.0,False
GOBIERNO REGIONAL DE JUNIN - HOSPITAL EL CARMEN,JUNIN,5,1,20.0,1579191.0,False
GOBIERNO REGIONAL DE UCAYALI - RED DE SALUD Nº 04 - AGUAYTIA- SAN ALEJANDRO,UCAYALI,5,1,20.0,1086519.0,False
HOSPITAL NACIONAL ARZOBISPO LOAYZA,LIMA,5,1,20.0,1889090.0,False
INSTITUTO PERUANO DE ENERGIA NUCLEAR,LIMA,5,1,20.0,1671795.0,False
MUNICIPALIDAD DISTRITAL DE AJOYANI,PUNO,5,1,20.0,1224830.0,False
MUNICIPALIDAD DISTRITAL DE BREÑA,LIMA,5,1,20.0,2341784.0,False
MUNICIPALIDAD DISTRITAL DE CARABAYLLO,LIMA,5,1,20.0,21611088.0,False
MUNICIPALIDAD DISTRITAL DE CHONGOYAPE,LAMBAYEQUE,5,1,20.0,464825.0,False
MUNICIPALIDAD DISTRITAL DE HAQUIRA,APURIMAC,5,1,20.0,24262203.0,False
MUNICIPALIDAD DISTRITAL DE LA ESPERANZA - TRUJILLO,LA LIBERTAD,5,1,20.0,5046216.0,False
MUNICIPALIDAD DISTRITAL DE LONGOTEA,LA LIBERTAD,5,1,20.0,15306885.0,False
MUNICIPALIDAD DISTRITAL DE LURIN,LIMA,5,1,20.0,4661356.0,False
MUNICIPALIDAD DISTRITAL DE MALA,LIMA,5,1,20.0,4854409.0,False
MUNICIPALIDAD DISTRITAL DE SAN JUAN BAUTISTA - LORETO,LORETO,5,1,20.0,4932771.0,False
MUNICIPALIDAD PROVINCIAL DE CAJABAMBA,CAJAMARCA,5,1,20.0,1097198.0,False
MUNICIPALIDAD PROVINCIAL DE LORETO - NAUTA,LORETO,5,1,20.0,3574864.0,False
ORGANISMO NACIONAL DE SANIDAD PESQUERA,LIMA,5,1,20.0,318383.0,False
ORGANISMO SUPERVISOR DE INVERSION PRIVADA EN TELECOMUNICACIONES,LIMA,5,1,20.0,5635819.0,False
GOBIERNO REGIONAL DE JUNIN - UNIDAD TERRITORIAL DE SALUD JAUJA,JUNIN,11,2,18.18,2342692.0,False
MUNICIPALIDAD DISTRITAL DE SANTA MARIA DE CHICMO,APURIMAC,12,2,16.67,14266499.0,False
UNIDAD EJECUTORA 120 PROGRAMA NACIONAL DE DOTACION DE MATERIALES EDUCATIVOS,LIMA,12,2,16.67,18843859.0,False
CONTRALORIA GENERAL DE LA REPUBLICA,LIMA,6,1,16.67,25136767.0,False
EMPRESA MUNICIPAL DE AGUA POTABLE Y ALCANTARILLADO DE HUARAL S.A.,LIMA,6,1,16.67,1284076.0,False
EMPRESA NACIONAL DE PUERTOS S.A.,CALLAO,6,1,16.67,2507873.0,False
GOBIERNO REGIONAL DE AYACUCHO - UNIDAD EJECUTORA RED DE SALUD AYACUCHO NORTE,AYACUCHO,6,1,16.67,706615.0,False
GOBIERNO REGIONAL DE JUNIN-AGRICULTURA,JUNIN,6,1,16.67,871534.0,False
III DIRECCION TERRITORIAL DE POLICIA - TRUJILLO,LA LIBERTAD,6,1,16.67,1365740.0,False
MINISTERIO DE DEFENSA,LIMA,6,1,16.67,2319554.0,False
MUNICIPALIDAD DISTRITAL DE ANDOAS,LORETO,6,1,16.67,2810144.0,False
MUNICIPALIDAD DISTRITAL DE CACHACHI,CAJAMARCA,6,1,16.67,3131938.0,False
MUNICIPALIDAD DISTRITAL DE COLASAY,CAJAMARCA,6,1,16.67,6160545.0,False
MUNICIPALIDAD DISTRITAL DE LA ENCAÑADA,CAJAMARCA,6,1,16.67,3984576.0,False
MUNICIPALIDAD DISTRITAL DE MARIANO MELGAR,AREQUIPA,6,1,16.67,612545.0,False
MUNICIPALIDAD DISTRITAL DE NAMORA,CAJAMARCA,6,1,16.67,5942091.0,False
MUNICIPALIDAD DISTRITAL DE QUIRUVILCA,LA LIBERTAD,6,1,16.67,14497264.0,False
MUNICIPALIDAD DISTRITAL DE ROBLE,HUANCAVELICA,6,1,16.67,7361201.0,False
MUNICIPALIDAD PROVINCIAL DE MARISCAL LUZURIAGA - PISCOBAMBA,ANCASH,6,1,16.67,2256120.0,False
PROGRAMA NACIONAL DE BECAS Y CREDITO EDUCATIVO,LIMA,6,1,16.67,8373865.0,False
UNIVERSIDAD NACIONAL INTERCULTURAL DE QUILLABAMBA,CUSCO,6,1,16.67,2538446.0,False
AUTORIDAD DE TRANSPORTE URBANO PARA LIMA Y CALLAO,LIMA,13,2,15.38,29450718.0,False
HOSPITAL DE APOYO DEPARTAMENTAL MARIA AUXILIADORA,LIMA,13,2,15.38,3442087.0,False
MUNICIPALIDAD PROVINCIAL DE HUANCABAMBA,PIURA,13,2,15.38,6682515.0,False
DIRECCION REGIONAL AGRARIA CAJAMARCA,CAJAMARCA,14,2,14.29,21030184.0,False
EMPRESA MUNICIPAL DE SERVICIO DE AGUA POTABLE Y ALCANTARILLADO DE HUANUCO,HUANUCO,7,1,14.29,3147443.0,False
GOBIERNO REGIONAL DE CUSCO - HOSPITAL REGIONAL CUSCO,CUSCO,7,1,14.29,4850735.0,False
GOBIERNO REGIONAL DE PUNO- HOSPITAL REGIONAL MANUEL NUÑEZ BUTRON,PUNO,7,1,14.29,1264239.0,False
GOBIERNO REGIONAL DEL CALLAO - DIRECCION DE SALUD I CALLAO,CALLAO,7,1,14.29,1056759.0,False
GOBIERNO REGIONAL HUANCAVELICA UNIDAD EJECUTORA RED DE SALUD TAYACAJA,HUANCAVELICA,7,1,14.29,610795.0,False
HOSPITAL NACIONAL SERGIO E. BERNALES,LIMA,7,1,14.29,1809801.0,False
MUNICIPALIDAD DISTRITAL DE ONGOY,APURIMAC,7,1,14.29,3775826.0,False
MUNICIPALIDAD DISTRITAL DE PICHANAKI,JUNIN,7,1,14.29,1440835.0,False
MUNICIPALIDAD PROVINCIAL DE ANGARAES - LIRCAY,HUANCAVELICA,7,1,14.29,2732713.0,False
MUNICIPALIDAD PROVINCIAL DE CHUPACA,JUNIN,7,1,14.29,1125020.0,False
MUNICIPALIDAD PROVINCIAL DE PURUS,UCAYALI,7,1,14.29,6645609.0,False
UNIVERSIDAD NACIONAL DE MOQUEGUA,MOQUEGUA,7,1,14.29,2448156.0,False
GOBIERNO REGIONAL DE HUANUCO - DIRECCIÓN REGIONAL DE SALUD - HUANUCO,HUANUCO,8,1,12.5,1333189.0,False
GOBIERNO REGIONAL DE ICA SEDE CENTRAL,ICA,8,1,12.5,1726418.0,False
MUNICIPALIDAD DISTRITAL DE CARMEN DE LA LEGUA REYNOSO,CALLAO,8,1,12.5,4003426.0,False
MUNICIPALIDAD DISTRITAL DE CHORRILLOS,LIMA,8,1,12.5,8492461.0,False
MUNICIPALIDAD DISTRITAL DE EL PORVENIR - TRUJILLO,LA LIBERTAD,8,1,12.5,15548999.0,False
MUNICIPALIDAD DISTRITAL DE KAÑARIS,LAMBAYEQUE,8,1,12.5,944251.0,False
MUNICIPALIDAD PROVINCIAL DE OXAPAMPA,PASCO,8,1,12.5,3278489.0,False
MUNICIPALIDAD PROVINCIAL DE SECHURA,PIURA,8,1,12.5,5413241.0,False
SERVICIO DE ADMINISTRACION TRIBUTARIA DE LIMA,LIMA,8,1,12.5,9980891.0,False
UNIDAD EJECUTORA FRENTE POLICIAL PUNO,PUNO,8,1,12.5,1107180.0,False
UNIVERSIDAD NACIONAL DE PIURA,PIURA,8,1,12.5,2202087.0,False
EMPRESA DE GENERACION ELECTRICA SAN GABAN S.A.,PUNO,9,1,11.11,1663725.0,False
EMPRESA REGIONAL DE SERVICIO PUBLICO DE ELECTRICIDAD DEL CENTRO SA ELECTROCENTRO S.A.,JUNIN,9,1,11.11,6454792.0,False
ENTIDAD PRESTADORA DE SERVICIO DE SANEAMIENTO DE LORETO S.A.,LORETO,9,1,11.11,1761964.0,False
GOBIERNO REGIONAL DE AREQUIPA - INSTITUTO REGIONAL DE ENFERMEDADES NEOPLASICAS DEL SUR,AREQUIPA,9,1,11.11,2968869.0,False
GOBIERNO REGIONAL DE LIMA - HOSPITAL BARRANCA-CAJATAMBO Y SERVICIOS BASICOS DE SALUD,LIMA,9,1,11.11,2331638.0,False
GOBIERNO REGIONAL DE MOQUEGUA - HOSPITAL REGIONAL DE MOQUEGUA,MOQUEGUA,9,1,11.11,3288879.0,False
HOSPITAL NACIONAL VICTOR LARCO HERRERA,LIMA,9,1,11.11,3128873.0,False
MINAG - PROYECTO ESPECIAL PICHIS PALCAZU,JUNIN,9,1,11.11,2869427.0,False
MUNICIPALIDAD DISTRITAL DE LA COIPA,CAJAMARCA,9,1,11.11,14561669.0,False
MUNICIPALIDAD DISTRITAL DE SAN MIGUEL,LIMA,9,1,11.11,1447044.0,False
GOBIERNO REGIONAL DE AREQUIPA - PROYECTO ESPECIAL MAJES-SIGUAS  AUTODEMA,AREQUIPA,10,1,10.0,4823169.0,False
GOBIERNO REGIONAL DE LORETO-SALUD LORETO Y PERIFERICOS,LORETO,10,1,10.0,2495926.0,False
GOBIERNO REGIONAL DE SAN MARTÍN-SALUD ALTO MAYO,SAN MARTIN,10,1,10.0,1862826.0,False
MUNICIPALIDAD DISTRITAL DE COMAS - LIMA,LIMA,10,1,10.0,13593780.0,False
MUNICIPALIDAD DISTRITAL DE INKAWASI,CUSCO,10,1,10.0,1328406.0,False
MUNICIPALIDAD DISTRITAL DE LA PUNTA,CALLAO,10,1,10.0,1518684.0,False
MUNICIPALIDAD DISTRITAL DE SANTA ANITA,LIMA,10,1,10.0,13616420.0,False
MUNICIPALIDAD DISTRITAL DE SUYO,PIURA,10,1,10.0,2462239.0,False
MUNICIPALIDAD PROVINCIAL DE SUCRE - QUEROBAMBA,AYACUCHO,10,1,10.0,1386262.0,False
MUNICIPALIDAD DISTRITAL DE ASILLO,PUNO,11,1,9.09,1740306.0,False
MUNICIPALIDAD DISTRITAL DE MAZAMARI,JUNIN,11,1,9.09,6992295.0,False
MUNICIPALIDAD DISTRITAL DE SAN JERONIMO - CUSCO,CUSCO,11,1,9.09,7374322.0,False
MUNICIPALIDAD DISTRITAL VILLA VIRGEN,CUSCO,11,1,9.09,1729921.0,False
MUNICIPALIDAD PROVINCIAL DE CHINCHA - CHINCHA ALTA,ICA,11,1,9.09,7126843.0,False
MUNICIPALIDAD PROVINCIAL DE HUARMEY,ANCASH,11,1,9.09,4644831.0,False
MUNICIPALIDAD PROVINCIAL DE TALARA - PARIÑAS,PIURA,11,1,9.09,6455987.0,False
GOBIERNO REGIONAL DE LA LIBERTAD-GERENCIA REGIONAL DE TRANSPORTE Y COMUNICACIONES,LA LIBERTAD,12,1,8.33,4356194.0,False
INSTITUTO NACIONAL DE ESTADISTICA,LIMA,12,1,8.33,8819443.0,False
MUNICIPALIDAD DISTRITAL DE LA VICTORIA - LIMA,LIMA,12,1,8.33,6425271.0,False
MUNICIPALIDAD DISTRITAL DE MARA,APURIMAC,12,1,8.33,2133982.0,False
MUNICIPALIDAD DISTRITAL DE URARINAS,LORETO,12,1,8.33,4141988.0,False
MUNICIPALIDAD PROVINCIAL DE CAÑETE - SAN VICENTE DE CAÑETE,LIMA,12,1,8.33,7717410.0,False
MUNICIPALIDAD PROVINCIAL DE HUANCANE,PUNO,12,1,8.33,2230784.0,False
EMPRESA DE SERVICIO PUBLICO DE ELECTRICIDAD DEL NOR OESTE DEL PERU S.A. ELECTRO NOR OESTE SA,PIURA,13,1,7.69,8872920.0,False
GOBIERNO REGIONAL DE AREQUIPA-HOSPITAL REGIONAL HONORIO DELGADO,AREQUIPA,13,1,7.69,3887577.0,False
MUNICIPALIDAD DISTRITAL DE ATE - VITARTE,LIMA,13,1,7.69,17688774.0,False
MUNICIPALIDAD DISTRITAL DE PARCOY,LA LIBERTAD,13,1,7.69,13197887.0,False
MUNICIPALIDAD DISTRITAL DE YARABAMBA,AREQUIPA,13,1,7.69,1951404.0,False
MUNICIPALIDAD PROVINCIAL DE TUMBES,TUMBES,13,1,7.69,9122581.0,False
UNIVERSIDAD NACIONAL HERMILIO VALDIZAN,HUANUCO,13,1,7.69,4155248.0,False
GOBIERNO REGIONAL DE HUANCAVELICA Sede Central,HUANCAVELICA,14,1,7.14,7227198.0,False
MUNICIPALIDAD DISTRITAL DE CCATCCA,CUSCO,14,1,7.14,2270768.0,False
MUNICIPALIDAD PROVINCIAL DE LAMBAYEQUE,LAMBAYEQUE,14,1,7.14,11746964.0,False
COMANDO CONJUNTO DE LAS FUERZAS ARMADAS,LIMA,14,0,0.0,2961884.0,False
GOBIERNO REGIONAL DE HUANCAVELICA-SALUD,HUANCAVELICA,14,0,0.0,2086020.0,False
GOBIERNO REGIONAL DE SAN MARTIN-TRANSPORTES,SAN MARTIN,14,0,0.0,1813306.0,False
MUNICIPALIDAD DISTRITAL DE CAHUAPANAS,LORETO,14,0,0.0,23285397.0,False
MUNICIPALIDAD DISTRITAL DE MIRAFLORES - LIMA,LIMA,14,0,0.0,31758070.0,False
MUNICIPALIDAD DISTRITAL DE PUQUINA,MOQUEGUA,14,0,0.0,5482785.0,False
MUNICIPALIDAD DISTRITAL DE SAN JUAN DE LURIGANCHO,LIMA,14,0,0.0,23956856.0,False
MUNICIPALIDAD PROVINCIAL DE JAEN,CAJAMARCA,14,0,0.0,17998149.0,False
PROGRAMA EDUCACION BASICA PARA TODOS UE 026,LIMA,14,0,0.0,30446037.0,False
GOBIERNO REGIONAL DE CUSCO - PROYECTO ESPECIAL REGIONAL PLAN COPESCO,CUSCO,13,0,0.0,6014055.0,False
GOBIERNO REGIONAL DE TACNA RED DE SALUD TACNA,TACNA,13,0,0.0,1772362.0,False
GOBIERNO REGIONAL DE UCAYALI-DIRECCIÓN REGIONAL SECTORIAL DE TRANSPORTES Y COMUNICACIONES,UCAYALI,13,0,0.0,8411319.0,False
MUNICIPALIDAD DISTRITAL DE EL ALGARROBAL,MOQUEGUA,13,0,0.0,7291304.0,False
MUNICIPALIDAD DISTRITAL DE KIMBIRI,CUSCO,13,0,0.0,7013871.0,False
MUNICIPALIDAD DISTRITAL DE PACHACAMAC,LIMA,13,0,0.0,10465379.0,False
MUNICIPALIDAD PROVINCIAL DE HUALGAYOC - BAMBAMARCA,CAJAMARCA,13,0,0.0,10271446.0,False
MUNICIPALIDAD PROVINCIAL DE ICA,ICA,13,0,0.0,30264494.0,False
MUNICIPALIDAD PROVINCIAL DE TAYACAJA - PAMPAS,HUANCAVELICA,13,0,0.0,6291050.0,False
PATRONATO DEL PARQUE DE LAS LEYENDAS - FELIPE BENAVIDES BARREDA,LIMA,13,0,0.0,3433299.0,False
EMPRESA DE SERVICIO PUBLICO DE ELECTRICIDAD ELECTRONORTE S.A.,LAMBAYEQUE,12,0,0.0,6476235.0,False
GOBIERNO REGIONAL DE MADRE DE DIOS-DIRECCION REGIONAL DE TRANSPORTE Y COMUNICACIONES,MADRE DE DIOS,12,0,0.0,2348143.0,False
MUNICIPALIDAD DISTRITAL DE CHUGAY,LA LIBERTAD,12,0,0.0,4330000.0,False
MUNICIPALIDAD DISTRITAL DE HUARMACA,PIURA,12,0,0.0,8301161.0,False
MUNICIPALIDAD DISTRITAL DE ITE,TACNA,12,0,0.0,3873462.0,False
MUNICIPALIDAD DISTRITAL DE LIVITACA,CUSCO,12,0,0.0,2199222.0,False
MUNICIPALIDAD DISTRITAL DE TABACONAS,CAJAMARCA,12,0,0.0,19439145.0,False
MUNICIPALIDAD DISTRITAL DE VELILLE,CUSCO,12,0,0.0,8743405.0,False
MUNICIPALIDAD PROVINCIAL DE CHUMBIVILCAS - SANTO TOMAS,CUSCO,12,0,0.0,1989654.0,False
MUNICIPALIDAD PROVINCIAL DE HUANCAVELICA,HUANCAVELICA,12,0,0.0,3774683.0,False
MUNICIPALIDAD PROVINCIAL DE HUAYLAS - CARAZ,ANCASH,12,0,0.0,2067173.0,False
MUNICIPALIDAD PROVINCIAL DE PAITA,PIURA,12,0,0.0,5261823.0,False
MUNICIPALIDAD PROVINCIAL DE RIOJA,SAN MARTIN,12,0,0.0,10572587.0,False
MUNICIPALIDAD PROVINCIAL DE YAULI - LA OROYA,JUNIN,12,0,0.0,14909197.0,False
ENTIDAD PRESTADORA DE SERVICIO DE SANEAMIENTO GRAU S.A.,PIURA,11,0,0.0,13665851.0,False
GOBIERNO REGIONAL DE AREQUIPA-ZONA DE DESARROLLO INTEGRAL DE SALUD - HOSPITAL GOYENECHE,AREQUIPA,11,0,0.0,1942720.0,False
GOBIERNO REGIONAL DE HUANCAVELICA-HOSPITAL DEPARTAMENTAL DE HUANCAVELICA,HUANCAVELICA,11,0,0.0,1466252.0,False
GOBIERNO REGIONAL DE JUNIN-TRANSPORTES,JUNIN,11,0,0.0,11328422.0,False
GOBIERNO REGIONAL DE PUNO - PROGRAMA DE APOYO AL DESARROLLO RURAL ANDINO - PRADERA I,PUNO,11,0,0.0,3363604.0,False
MUNICIPALIDAD DISTRITAL DE ALTO DE LA ALIANZA,TACNA,11,0,0.0,3501889.0,False
MUNICIPALIDAD DISTRITAL DE CASCA,ANCASH,11,0,0.0,8438667.0,False
MUNICIPALIDAD DISTRITAL DE FRIAS,PIURA,11,0,0.0,6037890.0,False
MUNICIPALIDAD DISTRITAL DE HUALGAYOC,CAJAMARCA,11,0,0.0,11063476.0,False
MUNICIPALIDAD DISTRITAL DE ILABAYA,TACNA,11,0,0.0,2831504.0,False
MUNICIPALIDAD DISTRITAL DE IPARIA,UCAYALI,11,0,0.0,2541268.0,False
MUNICIPALIDAD DISTRITAL DE LURIGANCHO (CHOSICA),LIMA,11,0,0.0,4599357.0,False
MUNICIPALIDAD DISTRITAL DE OLMOS,LAMBAYEQUE,11,0,0.0,14900870.0,False
MUNICIPALIDAD DISTRITAL DE PASTAZA,LORETO,11,0,0.0,18916149.0,False
MUNICIPALIDAD DISTRITAL DE TAMBOGRANDE,PIURA,11,0,0.0,3573239.0,False
MUNICIPALIDAD DISTRITAL DE VILLA EL SALVADOR,LIMA,11,0,0.0,2787763.0,False
MUNICIPALIDAD PROVINCIAL DE CASMA,ANCASH,11,0,0.0,2721080.0,False
MUNICIPALIDAD PROVINCIAL DE CHANCHAMAYO,JUNIN,11,0,0.0,6476309.0,False
MUNICIPALIDAD PROVINCIAL DE CHUCUITO - JULI,PUNO,11,0,0.0,3313810.0,False
MUNICIPALIDAD PROVINCIAL DE CONCEPCION,JUNIN,11,0,0.0,7022911.0,False
MUNICIPALIDAD PROVINCIAL DE LAMPA,PUNO,11,0,0.0,2100576.0,False
MUNICIPALIDAD PROVINCIAL DE UCAYALI - CONTAMANA,LORETO,11,0,0.0,9008728.0,False
MUNICIPALIDAD PROVINCIAL DE URUBAMBA,CUSCO,11,0,0.0,3828586.0,False
"SERVICIO DE AGUA POTABLE Y ALCANTARILLADO DE CHIMBOTE, CASMA Y HUARMEY",ANCASH,11,0,0.0,17699052.0,False
EMPRESA MUNICIPAL DE SANEAMIENTO BASICO DE PUNO SOCIEDAD ANONIMA,PUNO,10,0,0.0,2489850.0,False
ENTIDAD PRESTADORA DE SERVICIO DE SANEAMIENTO CHAVIN S.A.,ANCASH,10,0,0.0,1999222.0,False
GOBIERNO REGIONAL DE ANCASH-SALUD UTES ELEAZAR GUZMAN BARRON,ANCASH,10,0,0.0,2056657.0,False
GOBIERNO REGIONAL DE PIURA-SALUD LUCIANO CASTILLO COLONNA,PIURA,10,0,0.0,2353877.0,False
GOBIERNO REGIONAL DEL CUSCO - RED DE SERVICIOS DE SALUD CUSCO SUR,CUSCO,10,0,0.0,1684277.0,False
INSTITUTO NACIONAL DE CIENCIAS NEUROLOGICAS - INCN,LIMA,10,0,0.0,5829573.0,False
INSTITUTO VIAL PROVINCIAL MUNICIPAL DE SAN MARCOS,CAJAMARCA,10,0,0.0,1102527.0,False
MUNICIPALIDAD DISTRITAL DE CUYOCUYO,PUNO,10,0,0.0,3419746.0,False
MUNICIPALIDAD DISTRITAL DE MANANTAY,UCAYALI,10,0,0.0,1958865.0,False
MUNICIPALIDAD DISTRITAL DE PAMPACHIRI,APURIMAC,10,0,0.0,9267287.0,False
MUNICIPALIDAD DISTRITAL DE PITUMARCA,CUSCO,10,0,0.0,1620711.0,False
MUNICIPALIDAD DISTRITAL DE PONTO,ANCASH,10,0,0.0,3812963.0,False
MUNICIPALIDAD DISTRITAL DE SAN BORJA,LIMA,10,0,0.0,3517623.0,False
MUNICIPALIDAD DISTRITAL DE SAN GABAN,PUNO,10,0,0.0,3988026.0,False
MUNICIPALIDAD DISTRITAL DE SAPALLANGA,JUNIN,10,0,0.0,3661737.0,False
MUNICIPALIDAD DISTRITAL DE TAHUANIA,UCAYALI,10,0,0.0,5465088.0,False
MUNICIPALIDAD PROVINCIAL DE FERREÑAFE,LAMBAYEQUE,10,0,0.0,2617543.0,False
MUNICIPALIDAD PROVINCIAL DE PUERTO INCA,HUANUCO,10,0,0.0,4338815.0,False
DIRECCION DE REDES INTEGRADAS DE SALUD LIMA NORTE,LIMA,9,0,0.0,5394243.0,False
GOBIERNO REGIONAL DE APURIMAC-SALUD CHANKA,APURIMAC,9,0,0.0,994431.0,False
GOBIERNO REGIONAL DE CAJAMARCA - UNIDAD EJECUTORA SALUD CAJAMARCA,CAJAMARCA,9,0,0.0,1945706.0,False
GOBIERNO REGIONAL DE HUANUCO-HOSPITAL DE HUANUCO HERMILIO VALDIZAN,HUANUCO,9,0,0.0,1261111.0,False
GOBIERNO REGIONAL DE SAN MARTIN-SALUD,SAN MARTIN,9,0,0.0,1584470.0,False
MUNICIPALIDAD DISTRITAL DE CANCHAQUE,PIURA,9,0,0.0,4676510.0,False
MUNICIPALIDAD DISTRITAL DE CIENEGUILLA,LIMA,9,0,0.0,4965101.0,False
MUNICIPALIDAD DISTRITAL DE COISHCO,ANCASH,9,0,0.0,4316096.0,False
MUNICIPALIDAD DISTRITAL DE DESAGUADERO,PUNO,9,0,0.0,2544030.0,False
MUNICIPALIDAD DISTRITAL DE ITUATA,PUNO,9,0,0.0,1333685.0,False
MUNICIPALIDAD DISTRITAL DE JOSE LUIS BUSTAMANTE Y RIVERO,AREQUIPA,9,0,0.0,8117777.0,False
MUNICIPALIDAD DISTRITAL DE LOS OLIVOS (LAS PALMERAS),LIMA,9,0,0.0,7075846.0,False
MUNICIPALIDAD DISTRITAL DE MAZAN,LORETO,9,0,0.0,6522749.0,False
MUNICIPALIDAD DISTRITAL DE OMACHA,CUSCO,9,0,0.0,1813123.0,False
MUNICIPALIDAD DISTRITAL DE PAUCAS,ANCASH,9,0,0.0,2410266.0,False
MUNICIPALIDAD DISTRITAL DE PUERTO BERMUDEZ,PASCO,9,0,0.0,3227541.0,False
MUNICIPALIDAD DISTRITAL DE SANTA TERESA,CUSCO,9,0,0.0,1570218.0,False
MUNICIPALIDAD DISTRITAL DE SURQUILLO,LIMA,9,0,0.0,8286716.0,False
MUNICIPALIDAD DISTRITAL DE VILCABAMBA - LA CONVENCION,CUSCO,9,0,0.0,1816189.0,False
MUNICIPALIDAD DISTRITAL DE VISTA ALEGRE - NAZCA,ICA,9,0,0.0,9414217.0,False
MUNICIPALIDAD DISTRITAL DE VIZCATAN DEL ENE,JUNIN,9,0,0.0,14091992.0,False
MUNICIPALIDAD PROVINCIAL DE CANAS - YANAOCA,CUSCO,9,0,0.0,1462149.0,False
MUNICIPALIDAD PROVINCIAL DE QUISPICANCHIS - URCOS,CUSCO,9,0,0.0,998902.0,False
MUNICIPALIDAD PROVINCIAL DEL DATEM DEL MARAÑON,LORETO,9,0,0.0,3795257.0,False
PROGRAMA NACIONAL DE CENTROS JUVENILES,LIMA,9,0,0.0,2888513.0,False
SERVICIO MUNICIPAL DE AGUA POTABLE Y ALCANTARILLADO DE CHINCHA S.A.,ICA,9,0,0.0,3595411.0,False
UNIDAD DE GESTIÓN DE APOYO AL DESARROLLO SOSTENIBLE DEL VRAEM,CUSCO,9,0,0.0,2228230.0,False
UNIVERSIDAD NACIONAL DE EDUCACION ENRIQUE GUZMAN Y VALLE,LIMA,9,0,0.0,4901202.0,False
UNIVERSIDAD NACIONAL DEL CALLAO,LIMA,9,0,0.0,2662766.0,False
UNIVERSIDAD NACIONAL MICAELA BASTIDAS DE APURIMAC,APURIMAC,9,0,0.0,2183301.0,False
UNIVERSIDAD NACIONAL SAN ANTONIO DE ABAD DEL CUSCO,CUSCO,9,0,0.0,3521895.0,False
DIRECCION REGIONAL DE EDUCACION  DE  LIMA METROPOLITANA,LIMA,8,0,0.0,1208539.0,False
EMPRESA MUNICIPAL DE AGUA POTABLE Y ALCANTARILLADO DE ICA S.A.,ICA,8,0,0.0,1257009.0,False
EMPRESA MUNICIPAL DE AGUA POTABLE Y ALCANTARILLADO DE SAN MARTIN S.A.,SAN MARTIN,8,0,0.0,2337035.0,False
GOBIERNO REGIONAL DE AYACUCHO - PROGRAMA REGIONAL DE IRRIGACION Y DESARROLLO RURAL INTEGRADO,AYACUCHO,8,0,0.0,2104869.0,False
GOBIERNO REGIONAL DE CUSCO-AGRICULTURA,CUSCO,8,0,0.0,2579926.0,False
GOBIERNO REGIONAL DE HUANCAVELICA-TRANSPORTES,HUANCAVELICA,8,0,0.0,9295380.0,False
GOBIERNO REGIONAL DE LIMA - HOSPITAL DE APOYO REZOLA,LIMA,8,0,0.0,1867058.0,False
GOBIERNO REGIONAL DE PUNO-TRANSPORTES,PUNO,8,0,0.0,4948530.0,False
MINAG - PROYECTO ESPECIAL BINACIONAL DESARROLLO INTEGRAL DE LA CUENCA DEL RIO PUTUMAYO,LORETO,8,0,0.0,1507658.0,False
MUNICIPALIDAD DISTRITAL CONSTITUCION - PASCO,PASCO,8,0,0.0,3895271.0,False
MUNICIPALIDAD DISTRITAL DE ALTO SELVA ALEGRE,AREQUIPA,8,0,0.0,4706308.0,False
MUNICIPALIDAD DISTRITAL DE AMARILIS,HUANUCO,8,0,0.0,3224954.0,False
MUNICIPALIDAD DISTRITAL DE ANCHONGA,HUANCAVELICA,8,0,0.0,9835716.0,False
MUNICIPALIDAD DISTRITAL DE AYAPATA,PUNO,8,0,0.0,2666864.0,False
MUNICIPALIDAD DISTRITAL DE CAMPO VERDE,UCAYALI,8,0,0.0,2124009.0,False
MUNICIPALIDAD DISTRITAL DE CHAMACA,CUSCO,8,0,0.0,6013068.0,False
MUNICIPALIDAD DISTRITAL DE CHARACATO,AREQUIPA,8,0,0.0,11172365.0,False
MUNICIPALIDAD DISTRITAL DE CONDEBAMBA,CAJAMARCA,8,0,0.0,6180312.0,False
MUNICIPALIDAD DISTRITAL DE CORONEL GREGORIO ALBARRACIN LANCHIPA,TACNA,8,0,0.0,7979992.0,False
MUNICIPALIDAD DISTRITAL DE IMAZA,AMAZONAS,8,0,0.0,2221978.0,False
MUNICIPALIDAD DISTRITAL DE LA MORADA,HUANUCO,8,0,0.0,10033679.0,False
MUNICIPALIDAD DISTRITAL DE MARCABAL,LA LIBERTAD,8,0,0.0,2291982.0,False
MUNICIPALIDAD DISTRITAL DE POROY,CUSCO,8,0,0.0,917517.0,False
MUNICIPALIDAD DISTRITAL DE SAN ANTON,PUNO,8,0,0.0,4235512.0,False
MUNICIPALIDAD DISTRITAL DE SANTA ROSA DEL ALTO YANAJANCA,HUANUCO,8,0,0.0,12578803.0,False
MUNICIPALIDAD DISTRITAL DE SANTIAGO DE SURCO,LIMA,8,0,0.0,10031795.0,False
MUNICIPALIDAD DISTRITAL DE TAMBURCO,APURIMAC,8,0,0.0,1459188.0,False
MUNICIPALIDAD PROVINCIAL DE CARAVELI,AREQUIPA,8,0,0.0,913744.0,False
MUNICIPALIDAD PROVINCIAL DE CARHUAZ,ANCASH,8,0,0.0,7356938.0,False
MUNICIPALIDAD PROVINCIAL DE CARLOS FERMIN FITZCARRALD,ANCASH,8,0,0.0,4812646.0,False
MUNICIPALIDAD PROVINCIAL DE HUANTA,AYACUCHO,8,0,0.0,5892793.0,False
SERVICIO DE AGUA POTABLE Y ALCANTARILLADO DE LA LIBERTAD,LA LIBERTAD,8,0,0.0,11804827.0,False
SERVICIO INDUSTRIAL DE LA MARINA S.A.,CALLAO,8,0,0.0,4509577.0,False
EMPRESA  MUNICIPAL DE  AGUA POTABLE Y ALCANTERILLADO DE  BAGUA SRL,AMAZONAS,7,0,0.0,9914222.0,False
EMPRESA ACTIVOS MINEROS SAC,LIMA,7,0,0.0,4840494.0,False
EMPRESA PRESTADORA DE SERVICIOS DE SANEAMIENTO MARAÑON S.R.L.,CAJAMARCA,7,0,0.0,1837172.0,False
ESCUELA NACIONAL DE MARINA MERCANTE,CALLAO,7,0,0.0,1478546.0,False
GOBIERNO REGIONAL DE ANCASH-TRANSPORTES,ANCASH,7,0,0.0,2637620.0,False
GOBIERNO REGIONAL DE AYACUCHO - UNIDAD EJECUTORA RED DE SALUD HUAMANGA,AYACUCHO,7,0,0.0,965888.0,False
GOBIERNO REGIONAL DE JUNIN  - RED DE SALUD DEL VALLE DEL MANTARO,JUNIN,7,0,0.0,1591800.0,False
GOBIERNO REGIONAL DE MOQUEGUA-TRANSPORTES,MOQUEGUA,7,0,0.0,1438707.0,False
GOBIERNO REGIONAL DE PASCO-SALUD AIS UTES OXAPAMPA,PASCO,7,0,0.0,686040.0,False
GOBIERNO REGIONAL DE SAN MARTÍN - DIRECCION SUB REGIONAL DE SALUD HUALLAGA C.,SAN MARTIN,7,0,0.0,642166.0,False
GOBIERNO REGIONAL DE UCAYALI - DIRECCION DE SALUD Nº 3 ATALAYA,UCAYALI,7,0,0.0,951673.0,False
GOBIERNO REGIONAL DE UCAYALI - GERENCIA SUB REGIONAL DE PADRE ABAD AGUAYTIA,UCAYALI,7,0,0.0,47567213.0,False
JEFATURA DE LA VIII RPNP-HUANCAYO,JUNIN,7,0,0.0,2278773.0,False
MUNICIPALIDAD DISTRITAL DE ANDARAPA,APURIMAC,7,0,0.0,6269549.0,False
MUNICIPALIDAD DISTRITAL DE ASUNCION - CAJAMARCA,CAJAMARCA,7,0,0.0,9683136.0,False
MUNICIPALIDAD DISTRITAL DE CAJACAY,ANCASH,7,0,0.0,2536099.0,False
MUNICIPALIDAD DISTRITAL DE CARUMAS,MOQUEGUA,7,0,0.0,1922922.0,False
MUNICIPALIDAD DISTRITAL DE CIUDAD NUEVA,TACNA,7,0,0.0,4296734.0,False
MUNICIPALIDAD DISTRITAL DE EL TAMBO,JUNIN,7,0,0.0,1042374.0,False
MUNICIPALIDAD DISTRITAL DE HUACCHIS,ANCASH,7,0,0.0,10330610.0,False
MUNICIPALIDAD DISTRITAL DE HUANCHACO,LA LIBERTAD,7,0,0.0,3914269.0,False
MUNICIPALIDAD DISTRITAL DE JAMALCA,AMAZONAS,7,0,0.0,5594352.0,False
MUNICIPALIDAD DISTRITAL DE LAMBRAS,HUANCAVELICA,7,0,0.0,10990165.0,False
MUNICIPALIDAD DISTRITAL DE LLAPA,CAJAMARCA,7,0,0.0,6273948.0,False
MUNICIPALIDAD DISTRITAL DE MANITEA,CUSCO,7,0,0.0,3662776.0,False
MUNICIPALIDAD DISTRITAL DE MARCAPATA,CUSCO,7,0,0.0,6213225.0,False
MUNICIPALIDAD DISTRITAL DE NIEPOS,CAJAMARCA,7,0,0.0,30038687.0,False
MUNICIPALIDAD DISTRITAL DE PALCAZU,PASCO,7,0,0.0,1156648.0,False
MUNICIPALIDAD DISTRITAL DE PILLCO MARCA,HUANUCO,7,0,0.0,11031597.0,False
MUNICIPALIDAD DISTRITAL DE PISACOMA,PUNO,7,0,0.0,1681753.0,False
MUNICIPALIDAD DISTRITAL DE PUEBLO LIBRE - HUAYLAS,ANCASH,7,0,0.0,3772468.0,False
MUNICIPALIDAD DISTRITAL DE PUEBLO LIBRE - LIMA,LIMA,7,0,0.0,1661464.0,False
MUNICIPALIDAD DISTRITAL DE QUIQUIJANA,CUSCO,7,0,0.0,881458.0,False
MUNICIPALIDAD DISTRITAL DE SAMEGUA,MOQUEGUA,7,0,0.0,681315.0,False
MUNICIPALIDAD DISTRITAL DE SAN JUAN BAUTISTA - HUAMANGA,AYACUCHO,7,0,0.0,1684007.0,False
MUNICIPALIDAD DISTRITAL DE SAN RAMON,JUNIN,7,0,0.0,3088329.0,False
MUNICIPALIDAD DISTRITAL DE SANTA ROSA DE SACCO,JUNIN,7,0,0.0,2495233.0,False
MUNICIPALIDAD DISTRITAL DE SECCLLA,HUANCAVELICA,7,0,0.0,2952165.0,False
MUNICIPALIDAD DISTRITAL DE VILCABAMBA - DANIEL A. CARRION,PASCO,7,0,0.0,4474217.0,False
MUNICIPALIDAD DISTRITAL DE VILQUECHICO,PUNO,7,0,0.0,1984146.0,False
MUNICIPALIDAD DISTRITAL DE YARINACOCHA,UCAYALI,7,0,0.0,3729723.0,False
MUNICIPALIDAD DISTRITAL LA YARADA LOS PALOS,TACNA,7,0,0.0,5293502.0,False
MUNICIPALIDAD PROVINCIAL DE CASTILLA - APLAO,AREQUIPA,7,0,0.0,2230066.0,False
MUNICIPALIDAD PROVINCIAL DE CELENDIN,CAJAMARCA,7,0,0.0,6714848.0,False
MUNICIPALIDAD PROVINCIAL DE CHINCHEROS,APURIMAC,7,0,0.0,1276541.0,False
MUNICIPALIDAD PROVINCIAL DE CHOTA,CAJAMARCA,7,0,0.0,3715528.0,False
MUNICIPALIDAD PROVINCIAL DE JAUJA,JUNIN,7,0,0.0,22837617.0,False
MUNICIPALIDAD PROVINCIAL DE PADRE ABAD - AGUAYTIA,UCAYALI,7,0,0.0,2228456.0,False
ORGANISMO SUPERVISOR DE LA INVERSION EN INFRAESTRUCTURA DE TRANSPORTE DE USO PUBLICO,LIMA,7,0,0.0,4794063.0,False
PERÚ SEGURO 2025,LIMA,7,0,0.0,197690.0,False
PROYECTO ESPECIAL BINACIONAL DE LAGO TITICACA,PUNO,7,0,0.0,1763552.0,False
REGION POLICIAL HUANUCO - SAN MARTIN - UCAYALI,HUANUCO,7,0,0.0,1209378.0,False
SERVICIO DE AGUA POTABLE Y ALCANTARILLADO DE CAJAMARCA S.A.,CAJAMARCA,7,0,0.0,8576246.0,False
UNIVERSIDAD NACIONAL AGRARIA DE LA SELVA,HUANUCO,7,0,0.0,3649270.0,False
CONSEJO NACIONAL DE LA PERSONA CON DISCAPACIDAD,LIMA,6,0,0.0,1004647.0,False
CORTE SUPERIOR DE JUSTICIA DEL CALLAO,CALLAO,6,0,0.0,5843944.0,False
ENTIDAD PRESTADORA  DE SERVICIO DE SANEAMIENTO DE CUSCO S.A.,CUSCO,6,0,0.0,1235172.0,False
GOBIERNO REGIONAL DE AYACUCHO - UNIDAD EJECUTORA RED DE SALUD DE SAN FRANCISCO,AYACUCHO,6,0,0.0,501838.0,False
GOBIERNO REGIONAL DE LIMA - HOSPITAL HUARAL Y SERVICIOS BASICOS DE SALUD,LIMA,6,0,0.0,1128140.0,False
GOBIERNO REGIONAL DE LIMA - SERVICIOS BASICOS DE SALUD CHILCA-MALA,LIMA,6,0,0.0,439531.0,False
GOBIERNO REGIONAL DE MOQUEGUA - SUB REGION DE DESARROLLO GENERAL SANCHEZ CERRO,MOQUEGUA,6,0,0.0,806617.0,False
GOBIERNO REGIONAL DE PIURA - DIRECCION REGIONAL DE TRANSPORTES Y COMUNICACIONES,PIURA,6,0,0.0,6237579.0,False
GOBIERNO REGIONAL DE UCAYALI - DIRECCION REGIONAL DE SALUD UCAYALI,UCAYALI,6,0,0.0,853666.0,False
INSTITUTO DE VIALIDAD MUNICIPAL DE LA PROVINCIA DE SAN MIGUEL,CAJAMARCA,6,0,0.0,1441530.0,False
INSTITUTO NACIONAL PENITENCIARIO,LIMA,6,0,0.0,8179236.0,False
INSTITUTO VIAL PROVINCIAL MUNICIPAL DANIEL CARRION,PASCO,6,0,0.0,625077.0,False
INSTITUTO VIAL PROVINCIAL MUNICIPAL DE JAUJA - IVP JAUJA,JUNIN,6,0,0.0,641761.0,False
MINAG - PROYECTO ESPECIAL - JAEN - SAN IGNACIO - BAGUA,CAJAMARCA,6,0,0.0,3732073.0,False
MUNICIPALIDAD DISTRITAL  JOSE MANUEL QUIROZ,CAJAMARCA,6,0,0.0,6387985.0,False
MUNICIPALIDAD DISTRITAL DE BOQUERÓN,UCAYALI,6,0,0.0,1512276.0,False
MUNICIPALIDAD DISTRITAL DE CATILLUC,CAJAMARCA,6,0,0.0,8924133.0,False
MUNICIPALIDAD DISTRITAL DE CHALLABAMBA,CUSCO,6,0,0.0,1353327.0,False
MUNICIPALIDAD DISTRITAL DE CHANCAY - HUARAL,LIMA,6,0,0.0,13855631.0,False
MUNICIPALIDAD DISTRITAL DE CHAVIN,ICA,6,0,0.0,10592201.0,False
MUNICIPALIDAD DISTRITAL DE CHINCHAO,HUANUCO,6,0,0.0,2777640.0,False
MUNICIPALIDAD DISTRITAL DE COSME,HUANCAVELICA,6,0,0.0,10010517.0,False
MUNICIPALIDAD DISTRITAL DE HUACACHI,ANCASH,6,0,0.0,2780370.0,False
MUNICIPALIDAD DISTRITAL DE HUACHON,PASCO,6,0,0.0,11348183.0,False
MUNICIPALIDAD DISTRITAL DE HUANIPACA,APURIMAC,6,0,0.0,741127.0,False
MUNICIPALIDAD DISTRITAL DE HUAYLLAY,PASCO,6,0,0.0,4129102.0,False
MUNICIPALIDAD DISTRITAL DE ICHUÑA,MOQUEGUA,6,0,0.0,653104.0,False
MUNICIPALIDAD DISTRITAL DE JACOBO HUNTER,AREQUIPA,6,0,0.0,11156138.0,False
MUNICIPALIDAD DISTRITAL DE LA PECA,AMAZONAS,6,0,0.0,7246963.0,False
MUNICIPALIDAD DISTRITAL DE LOS AQUIJES,ICA,6,0,0.0,3150139.0,False
MUNICIPALIDAD DISTRITAL DE LUYANDO,HUANUCO,6,0,0.0,6697217.0,False
MUNICIPALIDAD DISTRITAL DE NANCHOC,CAJAMARCA,6,0,0.0,15180768.0,False
MUNICIPALIDAD DISTRITAL DE NESHUYA,UCAYALI,6,0,0.0,611814.0,False
MUNICIPALIDAD DISTRITAL DE OCOBAMBA - CHINCHEROS,APURIMAC,6,0,0.0,6922035.0,False
MUNICIPALIDAD DISTRITAL DE PACASMAYO,LA LIBERTAD,6,0,0.0,1441529.0,False
MUNICIPALIDAD DISTRITAL DE PALLPATA,CUSCO,6,0,0.0,2389882.0,False
MUNICIPALIDAD DISTRITAL DE PARACAS,ICA,6,0,0.0,9445879.0,False
MUNICIPALIDAD DISTRITAL DE PIMENTEL,LAMBAYEQUE,6,0,0.0,6567844.0,False
MUNICIPALIDAD DISTRITAL DE PUNCHANA,LORETO,6,0,0.0,8547410.0,False
MUNICIPALIDAD DISTRITAL DE RIO SANTIAGO,AMAZONAS,6,0,0.0,5245010.0,False
MUNICIPALIDAD DISTRITAL DE SALCABAMBA,HUANCAVELICA,6,0,0.0,6449144.0,False
MUNICIPALIDAD DISTRITAL DE SAPILLICA,PIURA,6,0,0.0,1047007.0,False
MUNICIPALIDAD DISTRITAL DE SIMON BOLIVAR,PASCO,6,0,0.0,3747660.0,False
MUNICIPALIDAD DISTRITAL DE SOPLIN,LORETO,6,0,0.0,24032895.0,False
MUNICIPALIDAD DISTRITAL DE TINTAY PUNCU,HUANCAVELICA,6,0,0.0,4297861.0,False
MUNICIPALIDAD DISTRITAL DE USQUIL,LA LIBERTAD,6,0,0.0,2655251.0,False
MUNICIPALIDAD DISTRITAL DE VARGAS GUERRA,LORETO,6,0,0.0,17151621.0,False
MUNICIPALIDAD DISTRITAL DE VEGUETA,LIMA,6,0,0.0,3966361.0,False
MUNICIPALIDAD DISTRITAL DE WANCHAQ,CUSCO,6,0,0.0,918995.0,False
MUNICIPALIDAD DISTRITAL VEINTISEIS DE OCTUBRE,PIURA,6,0,0.0,4802630.0,False
MUNICIPALIDAD PROVINCIAL DE BELLAVISTA,SAN MARTIN,6,0,0.0,4955310.0,False
MUNICIPALIDAD PROVINCIAL DE CANCHIS - SICUANI,CUSCO,6,0,0.0,989787.0,False
MUNICIPALIDAD PROVINCIAL DE CUTERVO,CAJAMARCA,6,0,0.0,14906109.0,False
MUNICIPALIDAD PROVINCIAL DE MARAÑON - HUACRACHUCO,HUANUCO,6,0,0.0,10630079.0,False
MUNICIPALIDAD PROVINCIAL DE NAZCA,ICA,6,0,0.0,2051007.0,False
MUNICIPALIDAD PROVINCIAL DE OCROS,ANCASH,6,0,0.0,3664872.0,False
MUNICIPALIDAD PROVINCIAL DE OTUZCO,LA LIBERTAD,6,0,0.0,3734449.0,False
MUNICIPALIDAD PROVINCIAL DE PACHITEA - PANAO,HUANUCO,6,0,0.0,11866521.0,False
MUNICIPALIDAD PROVINCIAL DE PARINACOCHAS - CORACORA,AYACUCHO,6,0,0.0,3012125.0,False
MUNICIPALIDAD PROVINCIAL DE REQUENA,LORETO,6,0,0.0,10450421.0,False
MUNICIPALIDAD PROVINCIAL DE SAN MARTIN - TARAPOTO,SAN MARTIN,6,0,0.0,577887.0,False
MUNICIPALIDAD PROVINCIAL DE TACNA,TACNA,6,0,0.0,3902428.0,False
MUNICIPALIDAD PROVINCIAL DE YUNGAY,ANCASH,6,0,0.0,9991576.0,False
MUNICIPALIDAD PROVINCIAL DE YUNGUYO,PUNO,6,0,0.0,1503584.0,False
SERVICIO DE MANTENIMIENTO DEL PERÚ SOCIEDAD ANÓNIMA CERRADA,LIMA,6,0,0.0,535142.0,False
SUPERINTENDENCIA DEL MERCADO DE VALORES,LIMA,6,0,0.0,3244112.0,False
CENTRO VACACIONAL HUAMPANI,LIMA,5,0,0.0,1362440.0,False
DIRECCION EJECUTIVA DE INVESTIGACION CRIMINAL Y APOYO A LA JUSTICIA PNP - DIREICAJ  PNP,LIMA,5,0,0.0,1263787.0,False
EMPRESA DE ADMINISTRACION DE INFRAESTRUCTURA ELECTRICA S.A.,LIMA,5,0,0.0,1171734.0,False
EMPRESA DE SERVICIO MUNICIPALES DE AGUA POTABLE Y ALCANTARILLADO DE BARRANCA S.A.,LIMA,5,0,0.0,1302877.0,False
EMPRESA MUNICIPAL DE AGUA POTABLE Y ALCANTARILLADO DE ABANCAY S.A.,APURIMAC,5,0,0.0,442689.0,False
ENTIDAD PRESTADORA  DE SERVICIO DE SANEAMIENTO DE ILO SA,MOQUEGUA,5,0,0.0,16569894.0,False
ENTIDAD PRESTADORA DE SERVICIO DE SANEAMIENTO AYACUCHO S.A,AYACUCHO,5,0,0.0,1338263.0,False
ENTIDAD PRESTADORA DE SERVICIO DE SANEAMIENTO DE MOQUEGUA SA,MOQUEGUA,5,0,0.0,863156.0,False
GOBIERNO LOCAL DISTRITAL DE MARCARA,ANCASH,5,0,0.0,3598282.0,False
GOBIERNO REGIONAL DE ANCASH - PROYECTO ESPECIAL CHINECAS,ANCASH,5,0,0.0,3753681.0,False
GOBIERNO REGIONAL DE ANCASH - RED DE SALUD PACIFICO SUR,ANCASH,5,0,0.0,630078.0,False
GOBIERNO REGIONAL DE ANCASH-SALUD UTES HUARI,ANCASH,5,0,0.0,1252455.0,False
GOBIERNO REGIONAL DE APURIMAC-TRANSPORTES APURIMAC,APURIMAC,5,0,0.0,614657.0,False
GOBIERNO REGIONAL DE AYACUCHO-AGRICULTURA,AYACUCHO,5,0,0.0,743755.0,False
GOBIERNO REGIONAL DE AYACUCHO-EDUCACION,AYACUCHO,5,0,0.0,762484.0,False
GOBIERNO REGIONAL DE CAJAMARCA - DIRECCION SUB REGIONAL DE SALUD JAEN,CAJAMARCA,5,0,0.0,784020.0,False
GOBIERNO REGIONAL DE CUSCO - UNIDAD DE GESTION EDUCATIVA QUISPICANCHI,CUSCO,5,0,0.0,670785.0,False
GOBIERNO REGIONAL DE HUANUCO-AGRICULTURA,HUANUCO,5,0,0.0,1834306.0,False
GOBIERNO REGIONAL DE HUÁNUCO - RED DE SALUD AMBO,HUANUCO,5,0,0.0,510913.0,False
GOBIERNO REGIONAL DE LORETO - GERENCIA SUB REGIONAL ALTO AMAZONAS YURIMAGUAS,LORETO,5,0,0.0,1268888.0,False
GOBIERNO REGIONAL DE LORETO-AGRICULTURA,LORETO,5,0,0.0,922870.0,False
GOBIERNO REGIONAL DE LORETO-SALUD HOSPITAL REGIONAL DE LORETO,LORETO,5,0,0.0,2448398.0,False
GOBIERNO REGIONAL DE PASCO - DIRECCION REGIONAL AGRARIA,PASCO,5,0,0.0,279000.0,False
GOBIERNO REGIONAL DE PIURA - PROYECTO ESPECIAL CHIRA PIURA,PIURA,5,0,0.0,8715958.0,False
GOBIERNO REGIONAL DE PIURA-SALUD MORROPON-CHULUCANAS,PIURA,5,0,0.0,1062808.0,False
GOBIERNO REGIONAL DE SAN MARTIN - PROYECTO ESPECIAL HUALLAGA CENTRAL Y BAJO MAYO,SAN MARTIN,5,0,0.0,10595037.0,False
GOBIERNO REGIONAL DE UCAYALI - UNIDAD DE GESTION EDUCATIVA LOCAL DE PURUS,UCAYALI,5,0,0.0,542649.0,False
INSTITUTO DE MEDICINA LEGAL Y CIENCIAS FORENSES,LIMA,5,0,0.0,2407511.0,False
INSTITUTO DE VIALIDAD MUNICIPAL DE LA PROVINCIA DE CHACHAPOYAS,AMAZONAS,5,0,0.0,468271.0,False
MINISTERIO DE TRABAJO Y PROMOCION DEL EMPLEO,LIMA,5,0,0.0,4828384.0,False
MUNICIPALIDAD DISTRITAL DE ANDAHUAYLILLAS,CUSCO,5,0,0.0,1678192.0,False
MUNICIPALIDAD DISTRITAL DE CACERES DEL PERU,ANCASH,5,0,0.0,5989758.0,False
MUNICIPALIDAD DISTRITAL DE CAJAY,ANCASH,5,0,0.0,2908804.0,False
MUNICIPALIDAD DISTRITAL DE CATACHE,CAJAMARCA,5,0,0.0,3017072.0,False
MUNICIPALIDAD DISTRITAL DE COCHABAMBA - HUARAZ,ANCASH,5,0,0.0,3040270.0,False
MUNICIPALIDAD DISTRITAL DE CODO DE POZUZO,HUANUCO,5,0,0.0,2649049.0,False
MUNICIPALIDAD DISTRITAL DE CONCEPCION,AYACUCHO,5,0,0.0,28490963.0,False
MUNICIPALIDAD DISTRITAL DE CORONEL CASTAÑEDA,AYACUCHO,5,0,0.0,3725854.0,False
MUNICIPALIDAD DISTRITAL DE HUANCARANI,CUSCO,5,0,0.0,501281.0,False
MUNICIPALIDAD DISTRITAL DE HUARANGO,CAJAMARCA,5,0,0.0,4619767.0,False
MUNICIPALIDAD DISTRITAL DE HUAURA,LIMA,5,0,0.0,4167152.0,False
MUNICIPALIDAD DISTRITAL DE LANCONES,PIURA,5,0,0.0,4537230.0,False
MUNICIPALIDAD DISTRITAL DE LLUSCO,CUSCO,5,0,0.0,968383.0,False
MUNICIPALIDAD DISTRITAL DE LUCMA - GRAN CHIMU,LA LIBERTAD,5,0,0.0,12780293.0,False
MUNICIPALIDAD DISTRITAL DE MADEAN,LIMA,5,0,0.0,5291603.0,False
MUNICIPALIDAD DISTRITAL DE MANCOS,ANCASH,5,0,0.0,1608049.0,False
MUNICIPALIDAD DISTRITAL DE MARANURA,CUSCO,5,0,0.0,1583281.0,False
MUNICIPALIDAD DISTRITAL DE MASISEA,UCAYALI,5,0,0.0,333419.0,False
MUNICIPALIDAD DISTRITAL DE MATARA,CAJAMARCA,5,0,0.0,3336787.0,False
MUNICIPALIDAD DISTRITAL DE MIRAFLORES - AREQUIPA,AREQUIPA,5,0,0.0,2873657.0,False
MUNICIPALIDAD DISTRITAL DE MOCHE,LA LIBERTAD,5,0,0.0,2520642.0,False
MUNICIPALIDAD DISTRITAL DE MOCHUMI,LAMBAYEQUE,5,0,0.0,8317690.0,False
MUNICIPALIDAD DISTRITAL DE NEPEÑA,ANCASH,5,0,0.0,3263742.0,False
MUNICIPALIDAD DISTRITAL DE PAIMAS,PIURA,5,0,0.0,2010483.0,False
MUNICIPALIDAD DISTRITAL DE PARATIA,PUNO,5,0,0.0,936205.0,False
MUNICIPALIDAD DISTRITAL DE PHARA,PUNO,5,0,0.0,4337968.0,False
MUNICIPALIDAD DISTRITAL DE PIAS,LA LIBERTAD,5,0,0.0,12160382.0,False
MUNICIPALIDAD DISTRITAL DE POCOLLAY,TACNA,5,0,0.0,609398.0,False
MUNICIPALIDAD DISTRITAL DE PUNTA DE BOMBON,AREQUIPA,5,0,0.0,1252443.0,False
MUNICIPALIDAD DISTRITAL DE QUICHUAS,HUANCAVELICA,5,0,0.0,4901869.0,False
MUNICIPALIDAD DISTRITAL DE QUIÑOTA,CUSCO,5,0,0.0,401616.0,False
MUNICIPALIDAD DISTRITAL DE RAPAYAN,ANCASH,5,0,0.0,2773024.0,False
MUNICIPALIDAD DISTRITAL DE SALAVERRY,LA LIBERTAD,5,0,0.0,3961774.0,False
MUNICIPALIDAD DISTRITAL DE SAN ANDRES LA CHECCA,CUSCO,5,0,0.0,1313080.0,False
MUNICIPALIDAD DISTRITAL DE SAN FRANCISCO,HUANUCO,5,0,0.0,20029898.0,False
MUNICIPALIDAD DISTRITAL DE SAN JERONIMO - ANDAHUAYLAS,APURIMAC,5,0,0.0,1453246.0,False
MUNICIPALIDAD DISTRITAL DE SAN LUIS - LIMA,LIMA,5,0,0.0,1135646.0,False
MUNICIPALIDAD DISTRITAL DE SAN PABLO DE PILLAO,HUANUCO,5,0,0.0,9851700.0,False
MUNICIPALIDAD DISTRITAL DE SAN PEDRO DE CORIS,HUANCAVELICA,5,0,0.0,2862299.0,False
MUNICIPALIDAD DISTRITAL DE SANTA MARIA,LIMA,5,0,0.0,2192765.0,False
MUNICIPALIDAD DISTRITAL DE SANTO DOMINGO DE LA CAPILLA,CAJAMARCA,5,0,0.0,3063535.0,False
MUNICIPALIDAD DISTRITAL DE SARIN,LA LIBERTAD,5,0,0.0,1833075.0,False
MUNICIPALIDAD DISTRITAL DE SEPAHUA,UCAYALI,5,0,0.0,4946142.0,False
MUNICIPALIDAD DISTRITAL DE SONDORILLO,PIURA,5,0,0.0,13269914.0,False
MUNICIPALIDAD DISTRITAL DE UCHIZA,SAN MARTIN,5,0,0.0,16185283.0,False
MUNICIPALIDAD DISTRITAL DE UCO,ANCASH,5,0,0.0,6102199.0,False
MUNICIPALIDAD DISTRITAL DE VICCO,PASCO,5,0,0.0,3170124.0,False
MUNICIPALIDAD DISTRITAL DE VILLA KINTIARINA,CUSCO,5,0,0.0,546321.0,False
MUNICIPALIDAD DISTRITAL DE VILLA MARIA DEL TRIUNFO,LIMA,5,0,0.0,5330912.0,False
MUNICIPALIDAD DISTRITAL DE VINCHOS,AYACUCHO,5,0,0.0,535944.0,False
MUNICIPALIDAD PROVINCIAL DE AIJA,ANCASH,5,0,0.0,3182373.0,False
MUNICIPALIDAD PROVINCIAL DE BARRANCA,LIMA,5,0,0.0,2025113.0,False
MUNICIPALIDAD PROVINCIAL DE MELGAR - AYAVIRI,PUNO,5,0,0.0,788282.0,False
MUNICIPALIDAD PROVINCIAL DE OYON,LIMA,5,0,0.0,1165679.0,False
MUNICIPALIDAD PROVINCIAL DE SAN MARCOS - PEDRO GALVEZ,CAJAMARCA,5,0,0.0,34770519.0,False
MUNICIPALIDAD PROVINCIAL DE SAN PABLO,CAJAMARCA,5,0,0.0,14168842.0,False
MUNICIPALIDAD PROVINCIAL DE TARMA,JUNIN,5,0,0.0,2205028.0,False
MUNICIPALIDAD PROVINCIAL DE ZARUMILLA,TUMBES,5,0,0.0,2503623.0,False
PROGRAMA NACIONAL DE EMPLEO JUVENIL JOVENES A LA OBRA,LIMA,5,0,0.0,1852514.0,False
SERVICIO NACIONAL FORESTAL Y DE FAUNA SILVESTRE,LIMA,5,0,0.0,2493703.0,False
SUPERINTENDENCIA NACIONAL DE EDUCACION SUPERIOR UNIVERSITARIA,LIMA,5,0,0.0,8559889.0,False
UNIVERSIDAD NACIONAL JOSE F. SANCHEZ CARRION,LIMA,5,0,0.0,1478890.0,False
CORTE SUPERIOR DE JUSTICIA DE LIMA SUR,LIMA,4,0,0.0,637892.0,False
DIRECCION EJECUTIVA ANTIDROGAS - POLICIA NACIONAL DE PERU,LIMA,4,0,0.0,968498.0,False
EMPRESA MUNICIPAL DE AGUA POTABLE Y ALCANTARILLADO DE CORONEL PORTILLO S.A.,UCAYALI,4,0,0.0,984349.0,False
EMPRESA MUNICIPAL DE AGUA POTABLE Y ALCANTARILLADO DE PISCO,ICA,4,0,0.0,764559.0,False
EMPRESA MUNICIPAL PRESTADORA DE SERVICIOS DE SANEAMIENTO PROVINCIAS ALTO ANDINAS,CUSCO,4,0,0.0,603848.0,False
GERENCIA SUB-REGIONAL CUTERVO,CAJAMARCA,4,0,0.0,14459867.0,False
GOBIERNO REGIONAL DE AMAZONAS - GERENCIA SUBREGIONAL BAGUA,AMAZONAS,4,0,0.0,5658975.0,False
GOBIERNO REGIONAL DE ANCASH - AIS UTES POMABAMBA,ANCASH,4,0,0.0,956795.0,False
GOBIERNO REGIONAL DE ANCASH-SALUD UTES LA CALETA,ANCASH,4,0,0.0,1409143.0,False
GOBIERNO REGIONAL DE APURIMAC - HOSPITAL SUBREGIONAL DE ANDAHUAYLAS,APURIMAC,4,0,0.0,893545.0,False
GOBIERNO REGIONAL DE AREQUIPA - DIRECCIÓN REGIONAL DE EDUCACION,AREQUIPA,4,0,0.0,796544.0,False
GOBIERNO REGIONAL DE AYACUCHO - UNIDAD EJECUTORA RED DE SALUD DE SAN MIGUEL,AYACUCHO,4,0,0.0,964872.0,False
GOBIERNO REGIONAL DE CAJAMARCA - GERENCIA SUB REGIONAL CHOTA,CAJAMARCA,4,0,0.0,22778160.0,False
GOBIERNO REGIONAL DE CAJAMARCA-TRANSPORTES,CAJAMARCA,4,0,0.0,520568.0,False
GOBIERNO REGIONAL DE CUSCO - UE 409 HOSPITAL ALFREDO CALLO RODRIGUEZ- SICUANI - CANCHIS,CUSCO,4,0,0.0,509166.0,False
GOBIERNO REGIONAL DE CUSCO - UNIDAD EJECUTORA 401:SALUD CANAS CANCHIS ESPINAR,CUSCO,4,0,0.0,381988.0,False
GOBIERNO REGIONAL DE HUÁNUCO - RED DE SALUD YAROWILCA,HUANUCO,4,0,0.0,285038.0,False
GOBIERNO REGIONAL DE ICA-TRANSPORTES,ICA,4,0,0.0,3137100.0,False
GOBIERNO REGIONAL DE JUNIN-SALUD AIS. UTES. SATIPO,JUNIN,4,0,0.0,457260.0,False
GOBIERNO REGIONAL DE LA LIBERTAD - RED SALUD SANCHEZ CARRION - HOSPITAL LEONCIO PRADO,LA LIBERTAD,4,0,0.0,391351.0,False
GOBIERNO REGIONAL DE LIMA - DIRECCIÓN REGIONAL DE AGRICULTURA DE LIMA PROVINCIAS,LIMA,4,0,0.0,369476.0,False
GOBIERNO REGIONAL DE LIMA - HOSPITAL CHANCAY Y SERVICIOS BASICOS DE SALUD,LIMA,4,0,0.0,1289467.0,False
GOBIERNO REGIONAL DE MOQUEGUA-EDUCACION,MOQUEGUA,4,0,0.0,537692.0,False
GOBIERNO REGIONAL DE PASCO - DIRECCION SUB-REGIONAL DE EDUCACION DE PASCO,PASCO,4,0,0.0,380047.0,False
GOBIERNO REGIONAL DE PASCO-SALUD,PASCO,4,0,0.0,893679.0,False
GOBIERNO REGIONAL DE PIURA - GERENCIA SUBREGIONAL  LUCIANO CASTILLO COLONNA,PIURA,4,0,0.0,31350850.0,False
GOBIERNO REGIONAL DE PUNO-AGRICULTURA,PUNO,4,0,0.0,443281.0,False
GOBIERNO REGIONAL DE TACNA - PROYECTO ESPECIAL AFIANZAMIENTO Y AMPLIACION RECURSOS HIDRICOS DE TACNA,TACNA,4,0,0.0,527855.0,False
GOBIERNO REGIONAL DE UCAYALI-HOSPITAL DE APOYO DE PUCALLPA,UCAYALI,4,0,0.0,1359281.0,False
GOBIERNO REGIONAL DEL CALLAO - UNIDAD EJECUTORA 403 HOSPITAL DE VENTANILLA,CALLAO,4,0,0.0,723499.0,False
GOBIERNO REGIONAL HUANCAVELICA RED DE SALUD ACOBAMBA,HUANCAVELICA,4,0,0.0,318506.0,False
INSTITUTO NACIONAL DE DEFENSA DE LA COMPETENCIA Y DE LA PROTECCION DE LA PROPIEDAD INTELECTUAL,LIMA,4,0,0.0,660231.0,False
JEFATURA DE LA XI RPNP-AREQUIPA,AREQUIPA,4,0,0.0,865367.0,False
MUNICIPALIDAD DISTRITAL DE ANGASMARCA,LA LIBERTAD,4,0,0.0,826784.0,False
MUNICIPALIDAD DISTRITAL DE ANRA,ANCASH,4,0,0.0,1843058.0,False
MUNICIPALIDAD DISTRITAL DE ANTAUTA,PUNO,4,0,0.0,4173963.0,False
MUNICIPALIDAD DISTRITAL DE APARICIO POMARES,HUANUCO,4,0,0.0,2166871.0,False
MUNICIPALIDAD DISTRITAL DE BELLAVISTA - JAEN,CAJAMARCA,4,0,0.0,1286822.0,False
MUNICIPALIDAD DISTRITAL DE BELLAVISTA DE LA UNION,PIURA,4,0,0.0,494710.0,False
MUNICIPALIDAD DISTRITAL DE BUENAVISTA ALTA,ANCASH,4,0,0.0,3747120.0,False
MUNICIPALIDAD DISTRITAL DE CARACOTO,PUNO,4,0,0.0,3059458.0,False
MUNICIPALIDAD DISTRITAL DE CATACAOS,PIURA,4,0,0.0,3183021.0,False
MUNICIPALIDAD DISTRITAL DE CAYARANI,AREQUIPA,4,0,0.0,2666385.0,False
MUNICIPALIDAD DISTRITAL DE CHAPIMARCA,APURIMAC,4,0,0.0,674076.0,False
MUNICIPALIDAD DISTRITAL DE CHIRINOS,CAJAMARCA,4,0,0.0,2165063.0,False
MUNICIPALIDAD DISTRITAL DE COLCABAMBA - TAYACAJA,HUANCAVELICA,4,0,0.0,4151823.0,False
MUNICIPALIDAD DISTRITAL DE COPORAQUE - ESPINAR,CUSCO,4,0,0.0,467855.0,False
MUNICIPALIDAD DISTRITAL DE COVIRIALI,JUNIN,4,0,0.0,785127.0,False
MUNICIPALIDAD DISTRITAL DE CRISTO NOS VALGA,PIURA,4,0,0.0,5069867.0,False
MUNICIPALIDAD DISTRITAL DE CRUCERO,PUNO,4,0,0.0,339372.0,False
MUNICIPALIDAD DISTRITAL DE CUSCA,ANCASH,4,0,0.0,11255571.0,False
MUNICIPALIDAD DISTRITAL DE DANIEL ALOMIA ROBLES,HUANUCO,4,0,0.0,1185201.0,False
MUNICIPALIDAD DISTRITAL DE ELEAZAR GUZMAN BARRON,ANCASH,4,0,0.0,7453135.0,False
MUNICIPALIDAD DISTRITAL DE GAMARRA,APURIMAC,4,0,0.0,2898775.0,False
MUNICIPALIDAD DISTRITAL DE HERMILIO VALDIZAN,HUANUCO,4,0,0.0,3821743.0,False
MUNICIPALIDAD DISTRITAL DE HUANTAR,ANCASH,4,0,0.0,3854311.0,False
MUNICIPALIDAD DISTRITAL DE HUASTA,ANCASH,4,0,0.0,923755.0,False
MUNICIPALIDAD DISTRITAL DE HUAYOPATA,CUSCO,4,0,0.0,831290.0,False
MUNICIPALIDAD DISTRITAL DE ILLIMO,LAMBAYEQUE,4,0,0.0,3422322.0,False
MUNICIPALIDAD DISTRITAL DE INCAHUASI,LAMBAYEQUE,4,0,0.0,2228341.0,False
MUNICIPALIDAD DISTRITAL DE INCLAN,TACNA,4,0,0.0,721660.0,False
MUNICIPALIDAD DISTRITAL DE JOSE SABOGAL,CAJAMARCA,4,0,0.0,6898700.0,False
MUNICIPALIDAD DISTRITAL DE JUAN ESPINOZA MEDRANO,APURIMAC,4,0,0.0,2998322.0,False
MUNICIPALIDAD DISTRITAL DE KELLUYO,PUNO,4,0,0.0,1533943.0,False
MUNICIPALIDAD DISTRITAL DE LARAMATE,AYACUCHO,4,0,0.0,1408485.0,False
MUNICIPALIDAD DISTRITAL DE LARES,CUSCO,4,0,0.0,357223.0,False
MUNICIPALIDAD DISTRITAL DE LAS PIEDRAS,MADRE DE DIOS,4,0,0.0,4969474.0,False
MUNICIPALIDAD DISTRITAL DE LAYO,CUSCO,4,0,0.0,593733.0,False
MUNICIPALIDAD DISTRITAL DE LIMABAMBA,AMAZONAS,4,0,0.0,4043443.0,False
MUNICIPALIDAD DISTRITAL DE LLACANORA,CAJAMARCA,4,0,0.0,817359.0,False
MUNICIPALIDAD DISTRITAL DE MARAS,CUSCO,4,0,0.0,759780.0,False
MUNICIPALIDAD DISTRITAL DE MAÑAZO,PUNO,4,0,0.0,426072.0,False
MUNICIPALIDAD DISTRITAL DE MOLLEBAMBA,LA LIBERTAD,4,0,0.0,4757673.0,False
MUNICIPALIDAD DISTRITAL DE MOLLEPATA - SANTIAGO DE CHUCO,LA LIBERTAD,4,0,0.0,11915183.0,False
MUNICIPALIDAD DISTRITAL DE MORO,ANCASH,4,0,0.0,3068893.0,False
MUNICIPALIDAD DISTRITAL DE MOROCOCHA,JUNIN,4,0,0.0,12270022.0,False
MUNICIPALIDAD DISTRITAL DE MORROPE,LAMBAYEQUE,4,0,0.0,12540529.0,False
MUNICIPALIDAD DISTRITAL DE NAPO,LORETO,4,0,0.0,625544.0,False
MUNICIPALIDAD DISTRITAL DE NUEVA CAJAMARCA,SAN MARTIN,4,0,0.0,879853.0,False
MUNICIPALIDAD DISTRITAL DE OLLANTAYTAMBO,CUSCO,4,0,0.0,336516.0,False
MUNICIPALIDAD DISTRITAL DE OYOLO,AYACUCHO,4,0,0.0,2142377.0,False
MUNICIPALIDAD DISTRITAL DE PACHAMARCA,HUANCAVELICA,4,0,0.0,536516.0,False
MUNICIPALIDAD DISTRITAL DE PICHACANI,PUNO,4,0,0.0,594730.0,False
MUNICIPALIDAD DISTRITAL DE PISAC,CUSCO,4,0,0.0,525704.0,False
MUNICIPALIDAD DISTRITAL DE POMACANCHI,CUSCO,4,0,0.0,472716.0,False
MUNICIPALIDAD DISTRITAL DE PUCARA - LAMPA,PUNO,4,0,0.0,1003141.0,False
MUNICIPALIDAD DISTRITAL DE PUEBLO NUEVO - FERRENAFE,LAMBAYEQUE,4,0,0.0,448248.0,False
MUNICIPALIDAD DISTRITAL DE RAHUAPAMPA,ANCASH,4,0,0.0,16492603.0,False
MUNICIPALIDAD DISTRITAL DE SALAS - LAMBAYEQUE,LAMBAYEQUE,4,0,0.0,357154.0,False
MUNICIPALIDAD DISTRITAL DE SAMAN,PUNO,4,0,0.0,1014015.0,False
MUNICIPALIDAD DISTRITAL DE SAN ANTONIO DE CACHI,APURIMAC,4,0,0.0,7041077.0,False
MUNICIPALIDAD DISTRITAL DE SAN BENITO,CAJAMARCA,4,0,0.0,4044792.0,False
MUNICIPALIDAD DISTRITAL DE SAN JOSE - AZANGARO,PUNO,4,0,0.0,586140.0,False
MUNICIPALIDAD DISTRITAL DE SAN JUAN - SIHUAS,ANCASH,4,0,0.0,1729984.0,False
MUNICIPALIDAD DISTRITAL DE SAN PEDRO DE CACHORA,APURIMAC,4,0,0.0,463971.0,False
MUNICIPALIDAD DISTRITAL DE SAN PEDRO DE PALCO,AYACUCHO,4,0,0.0,6692984.0,False
MUNICIPALIDAD DISTRITAL DE SAN RAFAEL - AMBO,HUANUCO,4,0,0.0,752316.0,False
MUNICIPALIDAD DISTRITAL DE SANTA ANA DE TUSI,PASCO,4,0,0.0,2108771.0,False
MUNICIPALIDAD DISTRITAL DE SANTA CRUZ DE TOLEDO,CAJAMARCA,4,0,0.0,379217.0,False
MUNICIPALIDAD DISTRITAL DE SANTIAGO DE PISCHA,AYACUCHO,4,0,0.0,4222493.0,False
MUNICIPALIDAD DISTRITAL DE SHAMBOYACU,SAN MARTIN,4,0,0.0,3565071.0,False
MUNICIPALIDAD DISTRITAL DE SICAYA,JUNIN,4,0,0.0,1832262.0,False
MUNICIPALIDAD DISTRITAL DE SIMBAL,LA LIBERTAD,4,0,0.0,621754.0,False
MUNICIPALIDAD DISTRITAL DE SOLOCO,AMAZONAS,4,0,0.0,6043668.0,False
MUNICIPALIDAD DISTRITAL DE TAMBO DE MORA,ICA,4,0,0.0,2666299.0,False
MUNICIPALIDAD DISTRITAL DE TINTA,CUSCO,4,0,0.0,271193.0,False
MUNICIPALIDAD DISTRITAL DE TINYAHUARCO,PASCO,4,0,0.0,3119075.0,False
MUNICIPALIDAD DISTRITAL DE TORRES CAUSANA,LORETO,4,0,0.0,1518768.0,False
MUNICIPALIDAD DISTRITAL DE UMACHIRI,PUNO,4,0,0.0,353916.0,False
MUNICIPALIDAD DISTRITAL DE USICAYOS,PUNO,4,0,0.0,3208416.0,False
MUNICIPALIDAD DISTRITAL DE YANQUE,AREQUIPA,4,0,0.0,653725.0,False
MUNICIPALIDAD DISTRITAL DE YAUTAN,ANCASH,4,0,0.0,2878527.0,False
MUNICIPALIDAD DISTRITAL DE ZAPATERO,SAN MARTIN,4,0,0.0,4376599.0,False
MUNICIPALIDAD PROVINCIAL DE AMBO,HUANUCO,4,0,0.0,6001870.0,False
MUNICIPALIDAD PROVINCIAL DE ANTABAMBA,APURIMAC,4,0,0.0,517390.0,False
MUNICIPALIDAD PROVINCIAL DE BAGUA,AMAZONAS,4,0,0.0,9175680.0,False
MUNICIPALIDAD PROVINCIAL DE CALCA,CUSCO,4,0,0.0,68495660.0,False
MUNICIPALIDAD PROVINCIAL DE CANGALLO,AYACUCHO,4,0,0.0,3325294.0,False
MUNICIPALIDAD PROVINCIAL DE CASTROVIRREYNA,HUANCAVELICA,4,0,0.0,1989125.0,False
MUNICIPALIDAD PROVINCIAL DE LA UNION - COTAHUASI,AREQUIPA,4,0,0.0,627792.0,False
MUNICIPALIDAD PROVINCIAL DE MOHO,PUNO,4,0,0.0,3117878.0,False
MUNICIPALIDAD PROVINCIAL DE PASCO - CHAPIMARCA,PASCO,4,0,0.0,1889208.0,False
MUNICIPALIDAD PROVINCIAL DE PAUCARTAMBO,CUSCO,4,0,0.0,254134.0,False
MUNICIPALIDAD PROVINCIAL DE PISCO,ICA,4,0,0.0,2080264.0,False
MUNICIPALIDAD PROVINCIAL DE POMABAMBA,ANCASH,4,0,0.0,2309471.0,False
SEGURO INTEGRAL DE SALUD,LIMA,4,0,0.0,1130685.0,False
SERVICIO DE AGUA POTABLE Y ALCANTARILLADO DE JULIACA,PUNO,4,0,0.0,4536088.0,False
UNIDAD EJECUTORA MC-CUSCO,CUSCO,4,0,0.0,859538.0,False
CORTE SUPERIOR DE JUSTICIA DE ICA,ICA,3,0,0.0,6753918.0,False
DIRECCION NACIONAL DE INTELIGENCIA - DINI,LIMA,3,0,0.0,389010.0,False
EMPRESA MUNICIPAL DE AGUA POTABLE Y ALCANTARILLADO DE AMAZONAS S.R.LTDA.,AMAZONAS,3,0,0.0,1354281.0,False
ENTIDAD PRESTADORA DE SERVICIO DE SANEAMIENTO DE MOYOBAMBA  SRLTDA.,SAN MARTIN,3,0,0.0,466342.0,False
ENTIDAD PRESTADORA DE SERVICIOS DE SANEAMIENTO MUNICIPAL DE UTCUBAMBA-BAGUA GRANDE,AMAZONAS,3,0,0.0,595693.0,False
FONDO MUNICIPAL DE INVERSIONES DEL CALLAO,CALLAO,3,0,0.0,6916172.0,False
GOBIERNO REGIONAL DE AMAZONAS - DIRECCION REGIONAL DE SALUD AMAZONAS,AMAZONAS,3,0,0.0,398537.0,False
GOBIERNO REGIONAL DE AMAZONAS - UNIDAD EJECUTORA 004 GERENCIA SUB REGIONAL UTCUBAMBA,AMAZONAS,3,0,0.0,439956.0,False
GOBIERNO REGIONAL DE ANCASH-SALUD UTES CARAZ,ANCASH,3,0,0.0,320716.0,False
GOBIERNO REGIONAL DE CAJAMARCA-SALUD CHOTA,CAJAMARCA,3,0,0.0,398814.0,False
GOBIERNO REGIONAL DE HUANCAVELICA - SUB REGION HUAYTARA,HUANCAVELICA,3,0,0.0,968352.0,False
GOBIERNO REGIONAL DE HUANUCO - UNIDAD EJECUTORA 306 EDUCACION UGEL PUERTO INCA,HUANUCO,3,0,0.0,797200.0,False
GOBIERNO REGIONAL DE HUANUCO - UNIDAD EJECUTORA EDUCACION UGEL HUACAYBAMBA,HUANUCO,3,0,0.0,235000.0,False
GOBIERNO REGIONAL DE HUANUCO - UNIDAD EJECUTORA EDUCACION UGEL HUANUCO,HUANUCO,3,0,0.0,1381760.0,False
GOBIERNO REGIONAL DE JUNIN- SALUD AIS. UTES. JUNIN,JUNIN,3,0,0.0,215500.0,False
GOBIERNO REGIONAL DE JUNIN-RED DE SALUD SAN MARTIN DE PANGOA,JUNIN,3,0,0.0,265002.0,False
GOBIERNO REGIONAL DE JUNIN-SALUD AIS. UTES. CHANCHAMAYO,JUNIN,3,0,0.0,372974.0,False
GOBIERNO REGIONAL DE LA LIBERTAD - GERENCIA  REGIONAL  DE AGRICULTURA,LA LIBERTAD,3,0,0.0,431999.0,False
GOBIERNO REGIONAL DE LA LIBERTAD-SALUD UTES OTUZCO,LA LIBERTAD,3,0,0.0,241288.0,False
GOBIERNO REGIONAL DE LAMBAYEQUE - HOSPITAL REGIONAL DOCENTE LAS MERCEDES - CHICLAYO,LAMBAYEQUE,3,0,0.0,246105.0,False
GOBIERNO REGIONAL DE LAMBAYEQUE-HOSPITAL BELEN - LAMBAYEQUE,LAMBAYEQUE,3,0,0.0,795884.0,False
GOBIERNO REGIONAL DE LIMA - HOSPITAL HUACHO-HUAURA-OYON Y SERVICIOS  BASICOS  DE  SALUD,LIMA,3,0,0.0,506523.0,False
GOBIERNO REGIONAL DE LIMA-UNIDAD EJECUTORA LIMA SUR,LIMA,3,0,0.0,15363654.0,False
GOBIERNO REGIONAL DE LORETO - DIRECCIÓN REGIONAL DE EDUCACION DE LORETO,LORETO,3,0,0.0,833950.0,False
GOBIERNO REGIONAL DE LORETO - HOSPITAL DE APOYO SANTA GEMA DE YURIMAGUAS,LORETO,3,0,0.0,1254407.0,False
GOBIERNO REGIONAL DE MADRE DE DIOS - DIRECCION REGIONAL DE SALUD MADRE DE DIOS,MADRE DE DIOS,3,0,0.0,698442.0,False
GOBIERNO REGIONAL DE MADRE DE DIOS - UNIDAD EJECUTORA 1392 SUBREGION MANU,MADRE DE DIOS,3,0,0.0,216706.0,False
GOBIERNO REGIONAL DE MOQUEGUA-AGRICULTURA,MOQUEGUA,3,0,0.0,463072.0,False
GOBIERNO REGIONAL DE PASCO - UNIDAD EJECUTORA PASCO SELVA CENTRAL,PASCO,3,0,0.0,37000722.0,False
GOBIERNO REGIONAL DE SAN MARTIN - EDUCACION MOYOBAMBA,SAN MARTIN,3,0,0.0,265223.0,False
GOBIERNO REGIONAL DE TACNA-TRANSPORTES,TACNA,3,0,0.0,1134632.0,False
GOBIERNO REGIONAL DE UCAYALI-RAYMONDI,UCAYALI,3,0,0.0,5207221.0,False
GOBIERNO REGIONAL HUANCAVELICA RED DE SALUD ANGARAES,HUANCAVELICA,3,0,0.0,320000.0,False
INSTITUTO NACIONAL DE SALUD MENTAL HONORIO DELGADO-HIDEYO NOGUCHI,LIMA,3,0,0.0,2819641.0,False
INSTITUTO VIAL PROVINCIAL DE ANDAHUAYLAS,APURIMAC,3,0,0.0,326031.0,False
JEFATURA DE LA VII RPNP-LIMA,LIMA,3,0,0.0,8283540.0,False
MINISTERIO PUBLICO - GERENCIA ADMINISTRATIVA DE PIURA,PIURA,3,0,0.0,506720.0,False
MUNICIPALIDAD DISTRITAL ALEXANDER VON HUMBOLDT,UCAYALI,3,0,0.0,4170342.0,False
MUNICIPALIDAD DISTRITAL DE ACRAQUIA,HUANCAVELICA,3,0,0.0,1115897.0,False
MUNICIPALIDAD DISTRITAL DE AGALLPAMPA,LA LIBERTAD,3,0,0.0,3582878.0,False
MUNICIPALIDAD DISTRITAL DE ALFONSO UGARTE,ANCASH,3,0,0.0,5255805.0,False
MUNICIPALIDAD DISTRITAL DE ALTO BIAVO,SAN MARTIN,3,0,0.0,1634847.0,False
MUNICIPALIDAD DISTRITAL DE ANCAHUASI,CUSCO,3,0,0.0,639653.0,False
MUNICIPALIDAD DISTRITAL DE ANCO - CHURCAMPA,HUANCAVELICA,3,0,0.0,3228571.0,False
MUNICIPALIDAD DISTRITAL DE APATA,JUNIN,3,0,0.0,12052211.0,False
MUNICIPALIDAD DISTRITAL DE ARAMANGO,AMAZONAS,3,0,0.0,436320.0,False
MUNICIPALIDAD DISTRITAL DE ARENAL,PIURA,3,0,0.0,6659639.0,False
MUNICIPALIDAD DISTRITAL DE ATICO,AREQUIPA,3,0,0.0,1175195.0,False
MUNICIPALIDAD DISTRITAL DE AYNA SAN FRANCISCO,AYACUCHO,3,0,0.0,685803.0,False
MUNICIPALIDAD DISTRITAL DE CABANILLAS,PUNO,3,0,0.0,229502.0,False
MUNICIPALIDAD DISTRITAL DE CAICAY,CUSCO,3,0,0.0,201121.0,False
MUNICIPALIDAD DISTRITAL DE CALLAYUC,CAJAMARCA,3,0,0.0,2149965.0,False
MUNICIPALIDAD DISTRITAL DE CASHAPAMPA,ANCASH,3,0,0.0,804229.0,False
MUNICIPALIDAD DISTRITAL DE CAYLLOMA,AREQUIPA,3,0,0.0,755942.0,False
MUNICIPALIDAD DISTRITAL DE CCAPACMARCA,CUSCO,3,0,0.0,331770.0,False
MUNICIPALIDAD DISTRITAL DE CHACAPALPA,JUNIN,3,0,0.0,4393054.0,False
MUNICIPALIDAD DISTRITAL DE CHIGUATA,AREQUIPA,3,0,0.0,1009186.0,False
MUNICIPALIDAD DISTRITAL DE CHINCHERO,CUSCO,3,0,0.0,220473.0,False
MUNICIPALIDAD DISTRITAL DE CHONTALI,CAJAMARCA,3,0,0.0,393051.0,False
MUNICIPALIDAD DISTRITAL DE CHURUBAMBA,HUANUCO,3,0,0.0,214794.0,False
MUNICIPALIDAD DISTRITAL DE CIRCA,APURIMAC,3,0,0.0,1581723.0,False
MUNICIPALIDAD DISTRITAL DE COCABAMBA,AMAZONAS,3,0,0.0,12512929.0,False
MUNICIPALIDAD DISTRITAL DE COCHABAMBA - CHOTA,CAJAMARCA,3,0,0.0,4411657.0,False
MUNICIPALIDAD DISTRITAL DE COLQUEMARCA,CUSCO,3,0,0.0,6567122.0,False
MUNICIPALIDAD DISTRITAL DE COLQUEPATA,CUSCO,3,0,0.0,402550.0,False
MUNICIPALIDAD DISTRITAL DE COTABAMBAS,APURIMAC,3,0,0.0,861016.0,False
MUNICIPALIDAD DISTRITAL DE CRESPO Y CASTILLO,HUANUCO,3,0,0.0,817392.0,False
MUNICIPALIDAD DISTRITAL DE CUSIPATA,CUSCO,3,0,0.0,2724917.0,False
MUNICIPALIDAD DISTRITAL DE EMILIO SAN MARTIN,LORETO,3,0,0.0,434876.0,False
MUNICIPALIDAD DISTRITAL DE GROCIO PRADO,ICA,3,0,0.0,2190770.0,False
MUNICIPALIDAD DISTRITAL DE GUZMANGO,CAJAMARCA,3,0,0.0,1799431.0,False
MUNICIPALIDAD DISTRITAL DE HUACCANA,APURIMAC,3,0,0.0,356600.0,False
MUNICIPALIDAD DISTRITAL DE HUACHOCOLPA - HUANCAVELICA,HUANCAVELICA,3,0,0.0,5522659.0,False
MUNICIPALIDAD DISTRITAL DE HUAMBALPA,AYACUCHO,3,0,0.0,8523490.0,False
MUNICIPALIDAD DISTRITAL DE HUANDO,HUANCAVELICA,3,0,0.0,910542.0,False
MUNICIPALIDAD DISTRITAL DE HUARIBAMBA,HUANCAVELICA,3,0,0.0,14064350.0,False
MUNICIPALIDAD DISTRITAL DE IGNACIO ESCUDERO,PIURA,3,0,0.0,1458537.0,False
MUNICIPALIDAD DISTRITAL DE INAMBARI,MADRE DE DIOS,3,0,0.0,4813624.0,False
MUNICIPALIDAD DISTRITAL DE INDIANA,LORETO,3,0,0.0,1443082.0,False
MUNICIPALIDAD DISTRITAL DE ISLAY,AREQUIPA,3,0,0.0,1679305.0,False
MUNICIPALIDAD DISTRITAL DE JEBEROS,LORETO,3,0,0.0,1052633.0,False
MUNICIPALIDAD DISTRITAL DE JOSE LEONARDO ORTIZ,LAMBAYEQUE,3,0,0.0,1218032.0,False
MUNICIPALIDAD DISTRITAL DE LA LIBERTAD DE PALLAN,CAJAMARCA,3,0,0.0,7403208.0,False
MUNICIPALIDAD DISTRITAL DE LA MERCED - CHURCAMPA,HUANCAVELICA,3,0,0.0,249029.0,False
MUNICIPALIDAD DISTRITAL DE LA VICTORIA - CHICLAYO,LAMBAYEQUE,3,0,0.0,247989.0,False
MUNICIPALIDAD DISTRITAL DE LAMBRAMA,APURIMAC,3,0,0.0,1056626.0,False
MUNICIPALIDAD DISTRITAL DE LANGUI,CUSCO,3,0,0.0,453791.0,False
MUNICIPALIDAD DISTRITAL DE LIMATAMBO,CUSCO,3,0,0.0,12519757.0,False
MUNICIPALIDAD DISTRITAL DE LLALLI,PUNO,3,0,0.0,2784247.0,False
MUNICIPALIDAD DISTRITAL DE LOS BAÑOS DEL INCA,CAJAMARCA,3,0,0.0,4229095.0,False
MUNICIPALIDAD DISTRITAL DE LUCRE - QUISPICANCHIS,CUSCO,3,0,0.0,313193.0,False
MUNICIPALIDAD DISTRITAL DE MACHE,LA LIBERTAD,3,0,0.0,2727119.0,False
MUNICIPALIDAD DISTRITAL DE MATO,ANCASH,3,0,0.0,556900.0,False
MUNICIPALIDAD DISTRITAL DE MUÑANI,PUNO,3,0,0.0,2999295.0,False
MUNICIPALIDAD DISTRITAL DE NAMBALLE,CAJAMARCA,3,0,0.0,3985796.0,False
MUNICIPALIDAD DISTRITAL DE NUÑOA,PUNO,3,0,0.0,1656920.0,False
MUNICIPALIDAD DISTRITAL DE OLLACHEA,PUNO,3,0,0.0,3914649.0,False
MUNICIPALIDAD DISTRITAL DE ORCOTUNA,JUNIN,3,0,0.0,402037.0,False
MUNICIPALIDAD DISTRITAL DE OROPESA - ANTABAMBA,APURIMAC,3,0,0.0,275750.0,False
MUNICIPALIDAD DISTRITAL DE OXAMARCA,CAJAMARCA,3,0,0.0,5701210.0,False
MUNICIPALIDAD DISTRITAL DE PACOCHA,MOQUEGUA,3,0,0.0,1525528.0,False
MUNICIPALIDAD DISTRITAL DE PACUCHA,APURIMAC,3,0,0.0,309640.0,False
MUNICIPALIDAD DISTRITAL DE PAIJAN,LA LIBERTAD,3,0,0.0,1874815.0,False
MUNICIPALIDAD DISTRITAL DE PALCA - LAMPA,PUNO,3,0,0.0,4086388.0,False
MUNICIPALIDAD DISTRITAL DE PALCA - TACNA,TACNA,3,0,0.0,5083499.0,False
MUNICIPALIDAD DISTRITAL DE PALCAMAYO,JUNIN,3,0,0.0,4787398.0,False
MUNICIPALIDAD DISTRITAL DE PAMPA HERMOZA - SATIPO,JUNIN,3,0,0.0,9953462.0,False
MUNICIPALIDAD DISTRITAL DE PAMPAROMAS,ANCASH,3,0,0.0,3571004.0,False
MUNICIPALIDAD DISTRITAL DE PAMPAS - PALLASCA,ANCASH,3,0,0.0,425303.0,False
MUNICIPALIDAD DISTRITAL DE PAMPAS CHICO,ANCASH,3,0,0.0,3759774.0,False
MUNICIPALIDAD DISTRITAL DE PAMPAS DE HOSPITAL,TUMBES,3,0,0.0,922897.0,False
MUNICIPALIDAD DISTRITAL DE PARCONA,ICA,3,0,0.0,5894550.0,False
MUNICIPALIDAD DISTRITAL DE PATAMBUCO,PUNO,3,0,0.0,1209427.0,False
MUNICIPALIDAD DISTRITAL DE PATAZ,LA LIBERTAD,3,0,0.0,5129787.0,False
MUNICIPALIDAD DISTRITAL DE POLVORA,SAN MARTIN,3,0,0.0,7471067.0,False
MUNICIPALIDAD DISTRITAL DE POZUZO,PASCO,3,0,0.0,5704494.0,False
MUNICIPALIDAD DISTRITAL DE PUCAYACU,HUANUCO,3,0,0.0,1402272.0,False
MUNICIPALIDAD DISTRITAL DE PUCUSANA,LIMA,3,0,0.0,2058260.0,False
MUNICIPALIDAD DISTRITAL DE PUEBLO NUEVO - CHINCHA,ICA,3,0,0.0,3689778.0,False
MUNICIPALIDAD DISTRITAL DE QUEHUE,CUSCO,3,0,0.0,428289.0,False
MUNICIPALIDAD DISTRITAL DE QUEROCOTO,CAJAMARCA,3,0,0.0,1451261.0,False
MUNICIPALIDAD DISTRITAL DE QUEROPALCA,HUANUCO,3,0,0.0,272304.0,False
MUNICIPALIDAD DISTRITAL DE QUILCAPUNCU,PUNO,3,0,0.0,918745.0,False
MUNICIPALIDAD DISTRITAL DE QUILLO,ANCASH,3,0,0.0,972292.0,False
MUNICIPALIDAD DISTRITAL DE QUILMANA,LIMA,3,0,0.0,2941036.0,False
MUNICIPALIDAD DISTRITAL DE SAMUGARI,AYACUCHO,3,0,0.0,1759207.0,False
MUNICIPALIDAD DISTRITAL DE SAN AGUSTIN DE CAJAS,JUNIN,3,0,0.0,2033281.0,False
MUNICIPALIDAD DISTRITAL DE SAN CLEMENTE,ICA,3,0,0.0,2114354.0,False
MUNICIPALIDAD DISTRITAL DE SAN FRANCISCO DE ASIS DE YARUSYACAN,PASCO,3,0,0.0,3588904.0,False
MUNICIPALIDAD DISTRITAL DE SAN MIGUEL DE CAURI,HUANUCO,3,0,0.0,2968678.0,False
MUNICIPALIDAD DISTRITAL DE SAN PEDRO DE CHAULAN,HUANUCO,3,0,0.0,1193556.0,False
MUNICIPALIDAD DISTRITAL DE SAN PEDRO DE PUTINA PUNCO,PUNO,3,0,0.0,371022.0,False
MUNICIPALIDAD DISTRITAL DE SAN RAFAEL - BELLAVISTA,SAN MARTIN,3,0,0.0,1854643.0,False
MUNICIPALIDAD DISTRITAL DE SANTA BARBARA DE CARHUACAYAN,JUNIN,3,0,0.0,2017418.0,False
MUNICIPALIDAD DISTRITAL DE SANTA LEONOR,LIMA,3,0,0.0,341007.0,False
MUNICIPALIDAD DISTRITAL DE SANTA ROSA - LA MAR,AYACUCHO,3,0,0.0,955691.0,False
MUNICIPALIDAD DISTRITAL DE SANTA ROSA - LIMA,LIMA,3,0,0.0,1792030.0,False
MUNICIPALIDAD DISTRITAL DE SANTIAGO DE CHALLAS,LA LIBERTAD,3,0,0.0,4575341.0,False
MUNICIPALIDAD DISTRITAL DE SANTO TOMAS - CUTERVO,CAJAMARCA,3,0,0.0,601307.0,False
MUNICIPALIDAD DISTRITAL DE SARHUA,AYACUCHO,3,0,0.0,4713929.0,False
MUNICIPALIDAD DISTRITAL DE SHUPLUY,ANCASH,3,0,0.0,2370657.0,False
MUNICIPALIDAD DISTRITAL DE SINSICAP,LA LIBERTAD,3,0,0.0,1390619.0,False
MUNICIPALIDAD DISTRITAL DE SOCABAYA,AREQUIPA,3,0,0.0,4064623.0,False
MUNICIPALIDAD DISTRITAL DE SUCRE,CAJAMARCA,3,0,0.0,3207293.0,False
MUNICIPALIDAD DISTRITAL DE TACABAMBA,CAJAMARCA,3,0,0.0,1421160.0,False
MUNICIPALIDAD DISTRITAL DE TAPAYRIHUA,APURIMAC,3,0,0.0,1341598.0,False
MUNICIPALIDAD DISTRITAL DE TARAY,CUSCO,3,0,0.0,6668166.0,False
MUNICIPALIDAD DISTRITAL DE TARICA,ANCASH,3,0,0.0,2773198.0,False
MUNICIPALIDAD DISTRITAL DE TAURIJA,LA LIBERTAD,3,0,0.0,1366047.0,False
MUNICIPALIDAD DISTRITAL DE VICHAYAL,PIURA,3,0,0.0,2849398.0,False
MUNICIPALIDAD DISTRITAL DE VILCA,HUANCAVELICA,3,0,0.0,2772487.0,False
MUNICIPALIDAD DISTRITAL DE VILLA DE QUEQUEÑA,AREQUIPA,3,0,0.0,343894.0,False
MUNICIPALIDAD DISTRITAL DE VILQUE,PUNO,3,0,0.0,1388253.0,False
MUNICIPALIDAD DISTRITAL DE VIRACO,AREQUIPA,3,0,0.0,7712781.0,False
MUNICIPALIDAD DISTRITAL DE YAULI - HUANCAVELICA,HUANCAVELICA,3,0,0.0,1616979.0,False
MUNICIPALIDAD DISTRITAL DE YAUYA,ANCASH,3,0,0.0,1252088.0,False
MUNICIPALIDAD PROVINCIAL DE ASUNCION - CHACAS,ANCASH,3,0,0.0,1678277.0,False
MUNICIPALIDAD PROVINCIAL DE CAMANA,AREQUIPA,3,0,0.0,7385052.0,False
MUNICIPALIDAD PROVINCIAL DE CAYLLOMA - CHIVAY,AREQUIPA,3,0,0.0,4120764.0,False
MUNICIPALIDAD PROVINCIAL DE CHEPEN,LA LIBERTAD,3,0,0.0,2219210.0,False
MUNICIPALIDAD PROVINCIAL DE CHURCAMPA,HUANCAVELICA,3,0,0.0,1917983.0,False
MUNICIPALIDAD PROVINCIAL DE CONDORCANQUI - NIEVA,AMAZONAS,3,0,0.0,1739620.0,False
MUNICIPALIDAD PROVINCIAL DE DANIEL CARRION - YANAHUANCA,PASCO,3,0,0.0,2441448.0,False
MUNICIPALIDAD PROVINCIAL DE GRAU - CHUQUIBAMBILLA,APURIMAC,3,0,0.0,2337058.0,False
MUNICIPALIDAD PROVINCIAL DE HUACHO - HUAURA,LIMA,3,0,0.0,259271.0,False
MUNICIPALIDAD PROVINCIAL DE MARISCAL CACERES - JUANJUI,SAN MARTIN,3,0,0.0,882472.0,False
MUNICIPALIDAD PROVINCIAL DE PALLASCA - CABANA,ANCASH,3,0,0.0,1436876.0,False
MUNICIPALIDAD PROVINCIAL DE PATAZ - TAYABAMBA,LA LIBERTAD,3,0,0.0,6386181.0,False
MUNICIPALIDAD PROVINCIAL DE RECUAY,ANCASH,3,0,0.0,1523484.0,False
MUNICIPALIDAD PROVINCIAL DE SANTIAGO DE CHUCO,LA LIBERTAD,3,0,0.0,374785.0,False
MUNICIPALIDAD PROVINCIAL DE SIHUAS,ANCASH,3,0,0.0,3952136.0,False
MUNICIPALIDAD PROVINCIAL DE VICTOR FAJARDO - HUANCAPI,AYACUCHO,3,0,0.0,614912.0,False
PODER JUDICIAL - AUTORIDAD NACIONAL DE CONTROL DEL PODER JUDICIAL,LIMA,3,0,0.0,607605.0,False
REGION POLICIAL PIURA,PIURA,3,0,0.0,259224.0,False
SERVICIO DE ADMINISTRACION TRIBUTARIA DE ICA,ICA,3,0,0.0,1132000.0,False
SERVICIO DE GESTION AMBIENTAL DE TRUJILLO - SEGAT,LA LIBERTAD,3,0,0.0,3097485.0,False
SERVICIOS DE SANEAMIENTO TUMBES,TUMBES,3,0,0.0,720128.0,False
"SUPERINTENDENCIA DE TRANSPORTE TERRESTRE DE PERSONAS, CARGA Y MERCANCIAS",LIMA,3,0,0.0,470214.0,False
SUPERINTENDENCIA NACIONAL DE MIGRACIONES,LIMA,3,0,0.0,943740.0,False
UNIDAD EJECUTORA 002 INICTEL-UNI,LIMA,3,0,0.0,168121.0,False
UNIDAD EJECUTORA EDUCACION CHUMBIVILCAS,CUSCO,3,0,0.0,743803.0,False
UNIDAD EJECUTORA Nº 006 - INSTITUTO NACIONAL DE BIENESTAR FAMILIAR,LIMA,3,0,0.0,20202013.0,False
UNIDAD EJECUTORA SUB REGION DE DESARROLLO ILO Nº 003,MOQUEGUA,3,0,0.0,1033593.0,False
UNIVERSIDAD NACIONAL DE CAJAMARCA,CAJAMARCA,3,0,0.0,287560.0,False
UNIVERSIDAD NACIONAL DE JAEN,CAJAMARCA,3,0,0.0,250322.0,False
UNIVERSIDAD NACIONAL JORGE BASADRE GROHMANN - TACNA,TACNA,3,0,0.0,23836184.0,False
UNIVERSIDAD NACIONAL PEDRO RUIZ GALLO,LAMBAYEQUE,3,0,0.0,1783022.0,False
ZONA FRANCA Y ZONA COMERCIAL DE TACNA - ZOFRATACNA,TACNA,3,0,0.0,3356656.0,False
"CONSEJO NACIONAL DE CIENCIA, TECNOLOGIA E INNOVACION TECNOLOGICA",LIMA,2,0,0.0,468090.0,False
CORTE SUPERIOR DE JUSTICIA DE CAJAMARCA,CAJAMARCA,2,0,0.0,7256227.0,False
CORTE SUPERIOR DE JUSTICIA DE HUAURA,LIMA,2,0,0.0,357465.0,False
CORTE SUPERIOR DE JUSTICIA DE LIMA ESTE,LIMA,2,0,0.0,1437028.0,False
CORTE SUPERIOR DE JUSTICIA DEL SANTA,ANCASH,2,0,0.0,626894.0,False
CUERPO GENERAL DE BOMBEROS VOLUNTARIOS DEL PERU,LIMA,2,0,0.0,10079090.0,False
DIRECCION GENERAL DE ELECTRIFICACION RURAL DEL MINISTERIO DE ENERGÍA Y MINAS,LIMA,2,0,0.0,2658274.0,False
EMPRESA DE GENERACION ELECTRICA MACHUPICCHU,CUSCO,2,0,0.0,716314.0,False
EMPRESA DE SERVICIOS PUBLICOS DE ELECTRICIDAD PUNO  S.A.A.,PUNO,2,0,0.0,6756854.0,False
EMPRESA MUNICIPAL DE AGUA POTABLE Y ALCANTARILLADO DE CAÑETE S.A.,LIMA,2,0,0.0,478600.0,False
EMPRESA MUNICIPAL DE SERVICIO ELECTRICO DE TOCACHE S.A.,SAN MARTIN,2,0,0.0,4226569.0,False
EMPRESA MUNICIPAL DE SERVICIOS ELECTRICOS UTCUBAMBA - BAGUA GRANDE,AMAZONAS,2,0,0.0,222200.0,False
ESTABLECIMIENTO DE SALUD MUNICIPAL,AREQUIPA,2,0,0.0,322800.0,False
FONDO METROPOLITANO DE INVERSIONES,LIMA,2,0,0.0,20499721.0,False
GOBIERNO REGIONAL DE AMAZONAS - DIRECCION REGIONAL AGRARIA,AMAZONAS,2,0,0.0,383144.0,False
GOBIERNO REGIONAL DE AMAZONAS - DIRECCION REGIONAL DE TRANSPORTES Y COMUNICACIONES,AMAZONAS,2,0,0.0,390005.0,False
GOBIERNO REGIONAL DE AMAZONAS - GERENCIA SUB REGIONAL CONDORCANQUI,AMAZONAS,2,0,0.0,474194.0,False
GOBIERNO REGIONAL DE AMAZONAS - UGEL CONDORCANQUI,AMAZONAS,2,0,0.0,194400.0,False
GOBIERNO REGIONAL DE AMAZONAS - UNIDAD EJECUTORA 404 - SALUD UTCUBAMBA,AMAZONAS,2,0,0.0,259923.0,False
GOBIERNO REGIONAL DE ANCASH - SALUD UTES  HUARAZ  HOSPITAL VICTOR RAMOS GUARDIA,ANCASH,2,0,0.0,352551.0,False
GOBIERNO REGIONAL DE APURIMAC - DIRECCION DE SALUD VIRGEN DE COCHARCAS CHINCHEROS,APURIMAC,2,0,0.0,154474.0,False
GOBIERNO REGIONAL DE APURIMAC - DIRECCION SUBREGIONAL AGRARIA DE ANDAHUAYLAS,APURIMAC,2,0,0.0,154884.0,False
GOBIERNO REGIONAL DE APURIMAC - UNIDAD EJECUTORA 004: PRO DESARROLLO APURIMAC,APURIMAC,2,0,0.0,123548.0,False
GOBIERNO REGIONAL DE APURIMAC-EDUCACION APURIMAC,APURIMAC,2,0,0.0,295968.0,False
GOBIERNO REGIONAL DE AREQUIPA-SALUD,AREQUIPA,2,0,0.0,388420.0,False
GOBIERNO REGIONAL DE CAJAMARCA - GERENCIA SUB REGIONAL JAEN,CAJAMARCA,2,0,0.0,260000.0,False
GOBIERNO REGIONAL DE CAJAMARCA - HOSPITAL SANTA MARÍA DE CUTERVO,CAJAMARCA,2,0,0.0,152038.0,False
GOBIERNO REGIONAL DE CAJAMARCA - RED DE SALUD CAJABAMBA,CAJAMARCA,2,0,0.0,118097.0,False
GOBIERNO REGIONAL DE CAJAMARCA - UNIDAD DE GESTION EDUCATIVA CHOTA,CAJAMARCA,2,0,0.0,273342.0,False
GOBIERNO REGIONAL DE CUSCO - DIRECCION REGIONAL DE EDUCACION,CUSCO,2,0,0.0,269750.0,False
GOBIERNO REGIONAL DE CUSCO - RED DE SERVICIOS  DE SALUD LA CONVENCION,CUSCO,2,0,0.0,164100.0,False
GOBIERNO REGIONAL DE CUSCO - UNIDAD EJECUTORA 406 : RED DE SERVICIOS DE SALUD KIMBIRI-PICHARI,CUSCO,2,0,0.0,116186.0,False
GOBIERNO REGIONAL DE CUSCO-ESCUELA DE BELLAS ARTES DIEGO QUISPE TITO,CUSCO,2,0,0.0,497772.0,False
GOBIERNO REGIONAL DE CUSCO-SALUD,CUSCO,2,0,0.0,313659.0,False
GOBIERNO REGIONAL DE HUANCAVELICA - EDUCACION,HUANCAVELICA,2,0,0.0,425192.0,False
GOBIERNO REGIONAL DE HUANCAVELICA - GERENCIA SUB REGIONAL CHURCAMPA,HUANCAVELICA,2,0,0.0,188330.0,False
GOBIERNO REGIONAL DE HUANUCO - UNIDAD EJECUTORA 305 EDUCACION UGEL HUAMALIES,HUANUCO,2,0,0.0,149364.0,False
GOBIERNO REGIONAL DE HUANUCO - UNIDAD EJECUTORA 403 SALUD LEONCIO PRADO,HUANUCO,2,0,0.0,221532.0,False
GOBIERNO REGIONAL DE HUANUCO-SALUD AIS UTES TINGO MARIA,HUANUCO,2,0,0.0,534750.0,False
GOBIERNO REGIONAL DE ICA-SALUD,ICA,2,0,0.0,382855.0,False
GOBIERNO REGIONAL DE JUNIN-EDUCACION,JUNIN,2,0,0.0,439000.0,False
GOBIERNO REGIONAL DE LAMBAYEQUE - GERENCIA REGIONAL DE AGRICULTURA LAMBAYEQUE,LAMBAYEQUE,2,0,0.0,404749.0,False
GOBIERNO REGIONAL DE LAMBAYEQUE-EDUCACION,LAMBAYEQUE,2,0,0.0,306458.0,False
GOBIERNO REGIONAL DE LIMA - DIRECCION REGIONAL DE EDUCACION DE LIMA PROVINCIAS,LIMA,2,0,0.0,413745.0,False
GOBIERNO REGIONAL DE LIMA - UNIDAD DE GESTION EDUCATIVA LOCAL Nº 16 BARRANCA,LIMA,2,0,0.0,374214.0,False
GOBIERNO REGIONAL DE LORETO - RED DE SALUD DATEM DEL MARAÑON,LORETO,2,0,0.0,222800.0,False
GOBIERNO REGIONAL DE MADRE DE DIOS - PROYECTO ESPECIAL MADRE DE DIOS,MADRE DE DIOS,2,0,0.0,213638.0,False
GOBIERNO REGIONAL DE MOQUEGUA - SALUD ILO,MOQUEGUA,2,0,0.0,263783.0,False
GOBIERNO REGIONAL DE PASCO - UNIDAD EJECUTORA UGEL PASCO,PASCO,2,0,0.0,292200.0,False
GOBIERNO REGIONAL DE PUNO - SALUD SANDIA,PUNO,2,0,0.0,213312.0,False
GOBIERNO REGIONAL DE PUNO-SALUD PUNO,PUNO,2,0,0.0,207570.0,False
GOBIERNO REGIONAL DE PUNO-SALUD PUNO-LAMPA,PUNO,2,0,0.0,650098.0,False
GOBIERNO REGIONAL DE SAN MARTIN - DIRECCION REGIONAL DE LA PRODUCCION DE SAN MARTIN,SAN MARTIN,2,0,0.0,790697.0,False
GOBIERNO REGIONAL DE SAN MARTIN - UNIDAD DE GESTION EDUCATIVA LOCAL LAMAS,SAN MARTIN,2,0,0.0,283000.0,False
GOBIERNO REGIONAL DE SAN MARTIN - UNIDAD DE GESTION EDUCATIVA LOCAL SAN MARTIN TARAPOTO,SAN MARTIN,2,0,0.0,449400.0,False
GOBIERNO REGIONAL DE UCAYALI - DIRECCIÓN REGIONAL SECTORIAL DE AGRICULTURA UCAYALI,UCAYALI,2,0,0.0,137745.0,False
GOBIERNO REGIONAL DE UCAYALI - PROYECTO ESPECIAL CARRETERA FEDERICO BASADRE,UCAYALI,2,0,0.0,585131.0,False
GOBIERNO REGIONAL DE UCAYALI-EDUCACION,UCAYALI,2,0,0.0,217000.0,False
GOBIERNO REGIONAL HUANCAVELICA UNIDAD DE GESTION EDUCATIVA LOCAL DE TAYACAJA,HUANCAVELICA,2,0,0.0,252422.0,False
GOBIERNO REGIONAL HUANUCO INSTITUTO SUPERIOR DE MUSICA PUBLICO DANIEL ALOMIA ROBLES,HUANUCO,2,0,0.0,681034.0,False
GOBIERNO REGIONAL HUANUCO UNIDAD EJECUTORA 407 RED DE SALUD PUERTO INCA,HUANUCO,2,0,0.0,892000.0,False
GOBIERNO REGIONAL JUNIN UNIDAD EJECUTORA 312 EDUCACION RIO TAMBO,JUNIN,2,0,0.0,187460.0,False
GOBIERNO REGIONAL JUNIN UNIDAD EJECUTORA EDUCACION PANGOA,JUNIN,2,0,0.0,195400.0,False
GOBIERNO RERGIONAL DE HUANUCO - UNIDAD EJECUTORA 308 EDUCACION LAURICOCHA,HUANUCO,2,0,0.0,234800.0,False
INPE-DIRECCION REGIONAL ALTIPLANO PUNO,PUNO,2,0,0.0,212909.0,False
INSTITUTO VIAL PROVINCIAL DE HUANUCO - IVP HUANUCO,HUANUCO,2,0,0.0,123677.0,False
INSTITUTO VIAL PROVINCIAL DE PASCO - IVP-PASCO,PASCO,2,0,0.0,204005.0,False
INSTITUTO VIAL PROVINCIAL MUNICIPAL DEL SANTA,ANCASH,2,0,0.0,233068.0,False
MINISTERIO DE DESARROLLO E INCLUSIÓN SOCIAL - U.E. N° 011: PROGRAMA DE ALIMENTACIÓN ESCOLAR,LIMA,2,0,0.0,2731720.0,False
MTC - AUTORIDAD PORTUARIA NACIONAL,CALLAO,2,0,0.0,2359790.0,False
MUNICIPALIDAD DISTRITAL DE ACARI,AREQUIPA,2,0,0.0,1497837.0,False
MUNICIPALIDAD DISTRITAL DE ACCOMARCA,AYACUCHO,2,0,0.0,1039276.0,False
MUNICIPALIDAD DISTRITAL DE ACOPAMPA,ANCASH,2,0,0.0,334751.0,False
MUNICIPALIDAD DISTRITAL DE ACOSTAMBO,HUANCAVELICA,2,0,0.0,231640.0,False
MUNICIPALIDAD DISTRITAL DE ALTO INAMBARI,PUNO,2,0,0.0,105210.0,False
MUNICIPALIDAD DISTRITAL DE ALTO SAPOSOA,SAN MARTIN,2,0,0.0,163700.0,False
MUNICIPALIDAD DISTRITAL DE ALTO TAPICHE,LORETO,2,0,0.0,300000.0,False
MUNICIPALIDAD DISTRITAL DE ALTO TRUJILLO,LA LIBERTAD,2,0,0.0,2222746.0,False
MUNICIPALIDAD DISTRITAL DE AMANTANI,PUNO,2,0,0.0,1231838.0,False
MUNICIPALIDAD DISTRITAL DE ANDARAY,AREQUIPA,2,0,0.0,1515460.0,False
MUNICIPALIDAD DISTRITAL DE ANGUIA,CAJAMARCA,2,0,0.0,4060615.0,False
MUNICIPALIDAD DISTRITAL DE ASCENSION,HUANCAVELICA,2,0,0.0,284697.0,False
MUNICIPALIDAD DISTRITAL DE ATAURA,JUNIN,2,0,0.0,1469060.0,False
MUNICIPALIDAD DISTRITAL DE ATAVILLOS ALTO,LIMA,2,0,0.0,437746.0,False
MUNICIPALIDAD DISTRITAL DE AYAVI,HUANCAVELICA,2,0,0.0,854227.0,False
MUNICIPALIDAD DISTRITAL DE BARRANCO,LIMA,2,0,0.0,556800.0,False
MUNICIPALIDAD DISTRITAL DE BUENOS AIRES - PICOTA,SAN MARTIN,2,0,0.0,5790950.0,False
MUNICIPALIDAD DISTRITAL DE CABANA - SAN RAMON,PUNO,2,0,0.0,1533361.0,False
MUNICIPALIDAD DISTRITAL DE CAMILACA,TACNA,2,0,0.0,620046.0,False
MUNICIPALIDAD DISTRITAL DE CANARIA,AYACUCHO,2,0,0.0,903728.0,False
MUNICIPALIDAD DISTRITAL DE CANCHAYLLO,JUNIN,2,0,0.0,9866970.0,False
MUNICIPALIDAD DISTRITAL DE CARAYBAMBA,APURIMAC,2,0,0.0,1960491.0,False
MUNICIPALIDAD DISTRITAL DE CASTILLO GRANDE,HUANUCO,2,0,0.0,1263113.0,False
MUNICIPALIDAD DISTRITAL DE CATAC,ANCASH,2,0,0.0,1856531.0,False
MUNICIPALIDAD DISTRITAL DE CERRO AZUL,LIMA,2,0,0.0,252042.0,False
MUNICIPALIDAD DISTRITAL DE CHACABAMBA,HUANUCO,2,0,0.0,4612356.0,False
MUNICIPALIDAD DISTRITAL DE CHACAPAMPA,JUNIN,2,0,0.0,486470.0,False
MUNICIPALIDAD DISTRITAL DE CHACCHO,ANCASH,2,0,0.0,959764.0,False
MUNICIPALIDAD DISTRITAL DE CHADIN,CAJAMARCA,2,0,0.0,8462495.0,False
MUNICIPALIDAD DISTRITAL DE CHAO,LA LIBERTAD,2,0,0.0,1457589.0,False
MUNICIPALIDAD DISTRITAL DE CHECACUPE,CUSCO,2,0,0.0,744000.0,False
MUNICIPALIDAD DISTRITAL DE CHICCHE,JUNIN,2,0,0.0,236425.0,False
MUNICIPALIDAD DISTRITAL DE CHILCA - CANETE,LIMA,2,0,0.0,3251750.0,False
MUNICIPALIDAD DISTRITAL DE CHILCAS,AYACUCHO,2,0,0.0,3871125.0,False
MUNICIPALIDAD DISTRITAL DE CHILIQUIN,AMAZONAS,2,0,0.0,146146.0,False
MUNICIPALIDAD DISTRITAL DE CHINCHA BAJA,ICA,2,0,0.0,215770.0,False
MUNICIPALIDAD DISTRITAL DE CHINGAS,ANCASH,2,0,0.0,2499763.0,False
MUNICIPALIDAD DISTRITAL DE CHONTABAMBA,PASCO,2,0,0.0,2092427.0,False
MUNICIPALIDAD DISTRITAL DE CHORAS,HUANUCO,2,0,0.0,13393192.0,False
MUNICIPALIDAD DISTRITAL DE CHOROPAMPA,CAJAMARCA,2,0,0.0,5574203.0,False
MUNICIPALIDAD DISTRITAL DE CHOROS,CAJAMARCA,2,0,0.0,672837.0,False
MUNICIPALIDAD DISTRITAL DE CHUGUR,CAJAMARCA,2,0,0.0,3054359.0,False
MUNICIPALIDAD DISTRITAL DE CHUQUIS,HUANUCO,2,0,0.0,14918442.0,False
MUNICIPALIDAD DISTRITAL DE CIELO PUNCO,CUSCO,2,0,0.0,127415.0,False
MUNICIPALIDAD DISTRITAL DE COCAS,HUANCAVELICA,2,0,0.0,319104.0,False
MUNICIPALIDAD DISTRITAL DE COCHABAMBA - HUACAYBAMBA,HUANUCO,2,0,0.0,125538.0,False
MUNICIPALIDAD DISTRITAL DE COCHORCO,LA LIBERTAD,2,0,0.0,4944703.0,False
MUNICIPALIDAD DISTRITAL DE COJATA,PUNO,2,0,0.0,403013.0,False
MUNICIPALIDAD DISTRITAL DE CONCHAN,CAJAMARCA,2,0,0.0,492860.0,False
MUNICIPALIDAD DISTRITAL DE CONGALLA,HUANCAVELICA,2,0,0.0,438201.0,False
MUNICIPALIDAD DISTRITAL DE COPANI,PUNO,2,0,0.0,269674.0,False
MUNICIPALIDAD DISTRITAL DE CORIS,ANCASH,2,0,0.0,1793165.0,False
MUNICIPALIDAD DISTRITAL DE CORTEGANA,CAJAMARCA,2,0,0.0,2539545.0,False
MUNICIPALIDAD DISTRITAL DE COYA,CUSCO,2,0,0.0,121700.0,False
MUNICIPALIDAD DISTRITAL DE CUMBA,AMAZONAS,2,0,0.0,1131850.0,False
MUNICIPALIDAD DISTRITAL DE CURGOS,LA LIBERTAD,2,0,0.0,1530262.0,False
MUNICIPALIDAD DISTRITAL DE CURICACA,JUNIN,2,0,0.0,357791.0,False
MUNICIPALIDAD DISTRITAL DE CURPAHUASI,APURIMAC,2,0,0.0,247600.0,False
MUNICIPALIDAD DISTRITAL DE EL ALTO,PIURA,2,0,0.0,515514.0,False
MUNICIPALIDAD DISTRITAL DE EL CARMEN - CHINCHA,ICA,2,0,0.0,2110656.0,False
MUNICIPALIDAD DISTRITAL DE EL PORVENIR,APURIMAC,2,0,0.0,129906.0,False
MUNICIPALIDAD DISTRITAL DE EL PORVENIR - SAN MARTIN,SAN MARTIN,2,0,0.0,776972.0,False
MUNICIPALIDAD DISTRITAL DE ELIAS SOPLIN VARGAS,SAN MARTIN,2,0,0.0,888658.0,False
MUNICIPALIDAD DISTRITAL DE FLORENCIA DE MORA,LA LIBERTAD,2,0,0.0,55644971.0,False
MUNICIPALIDAD DISTRITAL DE GOYLLARISQUIZGA,PASCO,2,0,0.0,1047642.0,False
MUNICIPALIDAD DISTRITAL DE HEROINAS TOLEDO,JUNIN,2,0,0.0,291250.0,False
MUNICIPALIDAD DISTRITAL DE HONORIA,HUANUCO,2,0,0.0,463597.0,False
MUNICIPALIDAD DISTRITAL DE HUACAR,HUANUCO,2,0,0.0,1235178.0,False
MUNICIPALIDAD DISTRITAL DE HUACHAC,JUNIN,2,0,0.0,417567.0,False
MUNICIPALIDAD DISTRITAL DE HUACHOS,HUANCAVELICA,2,0,0.0,645957.0,False
MUNICIPALIDAD DISTRITAL DE HUACRAPUQUIO,JUNIN,2,0,0.0,8562444.0,False
MUNICIPALIDAD DISTRITAL DE HUALMAY,LIMA,2,0,0.0,834668.0,False
MUNICIPALIDAD DISTRITAL DE HUAMANCACA CHICO,JUNIN,2,0,0.0,186964.0,False
MUNICIPALIDAD DISTRITAL DE HUAMANGUILLA,AYACUCHO,2,0,0.0,220466.0,False
MUNICIPALIDAD DISTRITAL DE HUAMBO - RODRIGUEZ DE MENDOZA,AMAZONAS,2,0,0.0,2385513.0,False
MUNICIPALIDAD DISTRITAL DE HUANCABAMBA,PASCO,2,0,0.0,240396.0,False
MUNICIPALIDAD DISTRITAL DE HUANCAN,JUNIN,2,0,0.0,718374.0,False
MUNICIPALIDAD DISTRITAL DE HUANCARAMA,APURIMAC,2,0,0.0,210780.0,False
MUNICIPALIDAD DISTRITAL DE HUARIACA,PASCO,2,0,0.0,313039.0,False
MUNICIPALIDAD DISTRITAL DE HUAYAN,ANCASH,2,0,0.0,988899.0,False
MUNICIPALIDAD DISTRITAL DE HUAYLILLAS,LA LIBERTAD,2,0,0.0,505027.0,False
MUNICIPALIDAD DISTRITAL DE HUAYLLABAMBA - URUBAMBA,CUSCO,2,0,0.0,236872.0,False
MUNICIPALIDAD DISTRITAL DE HUAYUCACHI,JUNIN,2,0,0.0,277392.0,False
MUNICIPALIDAD DISTRITAL DE IHUARI,LIMA,2,0,0.0,455850.0,False
MUNICIPALIDAD DISTRITAL DE JACAS CHICO,HUANUCO,2,0,0.0,799065.0,False
MUNICIPALIDAD DISTRITAL DE JANGAS,ANCASH,2,0,0.0,340477.0,False
MUNICIPALIDAD DISTRITAL DE JAQUI,AREQUIPA,2,0,0.0,920009.0,False
MUNICIPALIDAD DISTRITAL DE JEPELACIO,SAN MARTIN,2,0,0.0,932547.0,False
MUNICIPALIDAD DISTRITAL DE JESUS MARIA,LIMA,2,0,0.0,1185599.0,False
MUNICIPALIDAD DISTRITAL DE KICHKI,HUANUCO,2,0,0.0,1474925.0,False
MUNICIPALIDAD DISTRITAL DE LA ARENA,PIURA,2,0,0.0,6483271.0,False
MUNICIPALIDAD DISTRITAL DE LA FLORIDA,CAJAMARCA,2,0,0.0,679402.0,False
MUNICIPALIDAD DISTRITAL DE LA MATANZA,PIURA,2,0,0.0,824237.0,False
MUNICIPALIDAD DISTRITAL DE LA MERCED - AIJA,ANCASH,2,0,0.0,5614250.0,False
MUNICIPALIDAD DISTRITAL DE LA PERLA,CALLAO,2,0,0.0,1529172.0,False
MUNICIPALIDAD DISTRITAL DE LA UNION - TARMA,JUNIN,2,0,0.0,1176558.0,False
MUNICIPALIDAD DISTRITAL DE LABERINTO,MADRE DE DIOS,2,0,0.0,5221857.0,False
MUNICIPALIDAD DISTRITAL DE LAMAY,CUSCO,2,0,0.0,4894882.0,False
MUNICIPALIDAD DISTRITAL DE LAREDO,LA LIBERTAD,2,0,0.0,1997368.0,False
MUNICIPALIDAD DISTRITAL DE LARI,AREQUIPA,2,0,0.0,746034.0,False
MUNICIPALIDAD DISTRITAL DE LEONOR ORDO¥EZ,JUNIN,2,0,0.0,21394099.0,False
MUNICIPALIDAD DISTRITAL DE LLAMA - CHOTA,CAJAMARCA,2,0,0.0,212376.0,False
MUNICIPALIDAD DISTRITAL DE LLAMA - MARISCAL LUZURIAGA,ANCASH,2,0,0.0,1001676.0,False
MUNICIPALIDAD DISTRITAL DE LLUMPA,ANCASH,2,0,0.0,155300.0,False
MUNICIPALIDAD DISTRITAL DE LONYA CHICO,AMAZONAS,2,0,0.0,4935118.0,False
MUNICIPALIDAD DISTRITAL DE LONYA GRANDE,AMAZONAS,2,0,0.0,284558.0,False
MUNICIPALIDAD DISTRITAL DE LUIS CARRANZA,AYACUCHO,2,0,0.0,5387452.0,False
MUNICIPALIDAD DISTRITAL DE MAGDALENA - CAJAMARCA,CAJAMARCA,2,0,0.0,2035257.0,False
MUNICIPALIDAD DISTRITAL DE MAJES - VILLA EL PEDREGAL,AREQUIPA,2,0,0.0,152752.0,False
MUNICIPALIDAD DISTRITAL DE MAQUIA,LORETO,2,0,0.0,2274195.0,False
MUNICIPALIDAD DISTRITAL DE MARCAVELICA,PIURA,2,0,0.0,10621024.0,False
MUNICIPALIDAD DISTRITAL DE MARIA PARADO DE BELLIDO,AYACUCHO,2,0,0.0,140741.0,False
MUNICIPALIDAD DISTRITAL DE MARIANO NICOLAS VALCARCEL,AREQUIPA,2,0,0.0,233968.0,False
MUNICIPALIDAD DISTRITAL DE MARIAS,HUANUCO,2,0,0.0,925039.0,False
MUNICIPALIDAD DISTRITAL DE MARISCAL CACERES,HUANCAVELICA,2,0,0.0,977725.0,False
MUNICIPALIDAD DISTRITAL DE MARISCAL CASTILLA - CHACHAPOYAS,AMAZONAS,2,0,0.0,1656847.0,False
MUNICIPALIDAD DISTRITAL DE MATAHUASI,JUNIN,2,0,0.0,836027.0,False
MUNICIPALIDAD DISTRITAL DE MATAPALO,TUMBES,2,0,0.0,239993.0,False
MUNICIPALIDAD DISTRITAL DE MEJIA,AREQUIPA,2,0,0.0,980736.0,False
MUNICIPALIDAD DISTRITAL DE MIRGAS,ANCASH,2,0,0.0,654271.0,False
MUNICIPALIDAD DISTRITAL DE MONOBAMBA,JUNIN,2,0,0.0,378679.0,False
MUNICIPALIDAD DISTRITAL DE MORALES,SAN MARTIN,2,0,0.0,145600.0,False
MUNICIPALIDAD DISTRITAL DE MUQUI,JUNIN,2,0,0.0,17561245.0,False
MUNICIPALIDAD DISTRITAL DE MUSGA,ANCASH,2,0,0.0,725530.0,False
MUNICIPALIDAD DISTRITAL DE NUEVA REQUENA,UCAYALI,2,0,0.0,1569546.0,False
MUNICIPALIDAD DISTRITAL DE OBAS,HUANUCO,2,0,0.0,1517400.0,False
MUNICIPALIDAD DISTRITAL DE OCAÑA,AYACUCHO,2,0,0.0,1863943.0,False
MUNICIPALIDAD DISTRITAL DE OCONGATE,CUSCO,2,0,0.0,737965.0,False
MUNICIPALIDAD DISTRITAL DE OLLEROS - HUARAZ,ANCASH,2,0,0.0,966224.0,False
MUNICIPALIDAD DISTRITAL DE OMIA,AMAZONAS,2,0,0.0,1257011.0,False
MUNICIPALIDAD DISTRITAL DE PACCHA - CHOTA,CAJAMARCA,2,0,0.0,2299568.0,False
MUNICIPALIDAD DISTRITAL DE PALCA - TARMA,JUNIN,2,0,0.0,664319.0,False
MUNICIPALIDAD DISTRITAL DE PANCAN,JUNIN,2,0,0.0,671333.0,False
MUNICIPALIDAD DISTRITAL DE PARCO,JUNIN,2,0,0.0,2103674.0,False
MUNICIPALIDAD DISTRITAL DE PAROBAMBA,ANCASH,2,0,0.0,970433.0,False
MUNICIPALIDAD DISTRITAL DE PAUCARCOLLA,PUNO,2,0,0.0,1111326.0,False
MUNICIPALIDAD DISTRITAL DE PAUCARPATA,AREQUIPA,2,0,0.0,530650.0,False
MUNICIPALIDAD DISTRITAL DE PAZOS,HUANCAVELICA,2,0,0.0,572198.0,False
MUNICIPALIDAD DISTRITAL DE PEDRO VILCA APAZA,PUNO,2,0,0.0,210796.0,False
MUNICIPALIDAD DISTRITAL DE PICHIRHUA,APURIMAC,2,0,0.0,408808.0,False
MUNICIPALIDAD DISTRITAL DE PILLPINTO,CUSCO,2,0,0.0,1347566.0,False
MUNICIPALIDAD DISTRITAL DE PIMPINGOS,CAJAMARCA,2,0,0.0,1076375.0,False
MUNICIPALIDAD DISTRITAL DE PISCOYACU,SAN MARTIN,2,0,0.0,691886.0,False
MUNICIPALIDAD DISTRITAL DE POMACANCHA,JUNIN,2,0,0.0,1541842.0,False
MUNICIPALIDAD DISTRITAL DE POMACOCHA - ANDAHUAYLAS,APURIMAC,2,0,0.0,178122.0,False
MUNICIPALIDAD DISTRITAL DE POMAHUACA,CAJAMARCA,2,0,0.0,2037917.0,False
MUNICIPALIDAD DISTRITAL DE POROTO,LA LIBERTAD,2,0,0.0,760108.0,False
MUNICIPALIDAD DISTRITAL DE PUCARA - HUANCAYO,JUNIN,2,0,0.0,425400.0,False
MUNICIPALIDAD DISTRITAL DE PUCARA - JAEN,CAJAMARCA,2,0,0.0,6195050.0,False
MUNICIPALIDAD DISTRITAL DE PUNTA HERMOSA,LIMA,2,0,0.0,186837.0,False
MUNICIPALIDAD DISTRITAL DE QUERCO,HUANCAVELICA,2,0,0.0,853605.0,False
MUNICIPALIDAD DISTRITAL DE QUEROCOTILLO,CAJAMARCA,2,0,0.0,4670829.0,False
MUNICIPALIDAD DISTRITAL DE QUILCAS,JUNIN,2,0,0.0,149198.0,False
MUNICIPALIDAD DISTRITAL DE QUINUA,AYACUCHO,2,0,0.0,28103765.0,False
MUNICIPALIDAD DISTRITAL DE RIO GRANDE - PALPA,ICA,2,0,0.0,2933222.0,False
MUNICIPALIDAD DISTRITAL DE ROSARIO,HUANCAVELICA,2,0,0.0,2119351.0,False
MUNICIPALIDAD DISTRITAL DE SAN ANTONIO - CANETE,LIMA,2,0,0.0,1260983.0,False
MUNICIPALIDAD DISTRITAL DE SAN ANTONIO - PUNO,PUNO,2,0,0.0,186384.0,False
MUNICIPALIDAD DISTRITAL DE SAN ANTONIO DE CHUCA,AREQUIPA,2,0,0.0,250200.0,False
MUNICIPALIDAD DISTRITAL DE SAN BERNARDINO,CAJAMARCA,2,0,0.0,2620310.0,False
MUNICIPALIDAD DISTRITAL DE SAN DAMIAN,LIMA,2,0,0.0,249101.0,False
MUNICIPALIDAD DISTRITAL DE SAN FRANCISCO DE CAYRAN,HUANUCO,2,0,0.0,32858612.0,False
MUNICIPALIDAD DISTRITAL DE SAN JERONIMO DE PACLAS,AMAZONAS,2,0,0.0,4727886.0,False
MUNICIPALIDAD DISTRITAL DE SAN JOSE DE LOS MOLINOS,ICA,2,0,0.0,1472923.0,False
MUNICIPALIDAD DISTRITAL DE SAN JOSE DE QUERO,JUNIN,2,0,0.0,1280834.0,False
MUNICIPALIDAD DISTRITAL DE SAN JOSE DEL ALTO,CAJAMARCA,2,0,0.0,1438668.0,False
MUNICIPALIDAD DISTRITAL DE SAN JUAN - CASTROVIRREYNA,HUANCAVELICA,2,0,0.0,428059.0,False
MUNICIPALIDAD DISTRITAL DE SAN JUAN DE TARUCANI,AREQUIPA,2,0,0.0,301960.0,False
MUNICIPALIDAD DISTRITAL DE SAN LUIS DE SHUARO,JUNIN,2,0,0.0,3464400.0,False
MUNICIPALIDAD DISTRITAL DE SAN SALVADOR,CUSCO,2,0,0.0,140954.0,False
MUNICIPALIDAD DISTRITAL DE SAN SILVESTRE DE COCHAN,CAJAMARCA,2,0,0.0,878230.0,False
MUNICIPALIDAD DISTRITAL DE SANCOS,AYACUCHO,2,0,0.0,2504207.0,False
MUNICIPALIDAD DISTRITAL DE SANGARARA,CUSCO,2,0,0.0,142490.0,False
MUNICIPALIDAD DISTRITAL DE SANTA,ANCASH,2,0,0.0,1129065.0,False
MUNICIPALIDAD DISTRITAL DE SANTA CRUZ DE CHUCA,LA LIBERTAD,2,0,0.0,1626778.0,False
MUNICIPALIDAD DISTRITAL DE SANTA LUCÍA,SAN MARTIN,2,0,0.0,4552215.0,False
MUNICIPALIDAD DISTRITAL DE SANTA MARIA DEL MAR,LIMA,2,0,0.0,949558.0,False
MUNICIPALIDAD DISTRITAL DE SANTA ROSA - EL DORADO,SAN MARTIN,2,0,0.0,848355.0,False
MUNICIPALIDAD DISTRITAL DE SANTA ROSA MAZOCRUZ - EL COLLAO,PUNO,2,0,0.0,352700.0,False
MUNICIPALIDAD DISTRITAL DE SANTO DOMINGO,PIURA,2,0,0.0,149740.0,False
MUNICIPALIDAD DISTRITAL DE SAPUENA,LORETO,2,0,0.0,1107230.0,False
MUNICIPALIDAD DISTRITAL DE SAYAN,LIMA,2,0,0.0,1087193.0,False
MUNICIPALIDAD DISTRITAL DE SAYAPULLO,LA LIBERTAD,2,0,0.0,796388.0,False
MUNICIPALIDAD DISTRITAL DE SHILLA,ANCASH,2,0,0.0,1613567.0,False
MUNICIPALIDAD DISTRITAL DE SINGA,HUANUCO,2,0,0.0,1116162.0,False
MUNICIPALIDAD DISTRITAL DE SITABAMBA,LA LIBERTAD,2,0,0.0,1009152.0,False
MUNICIPALIDAD DISTRITAL DE SIVIA,AYACUCHO,2,0,0.0,128000.0,False
MUNICIPALIDAD DISTRITAL DE SORITOR,SAN MARTIN,2,0,0.0,245002.0,False
MUNICIPALIDAD DISTRITAL DE SUBTANJALLA,ICA,2,0,0.0,192200.0,False
MUNICIPALIDAD DISTRITAL DE SUMBILCA,LIMA,2,0,0.0,1302340.0,False
MUNICIPALIDAD DISTRITAL DE SUNAMPE,ICA,2,0,0.0,611794.0,False
MUNICIPALIDAD DISTRITAL DE SUPE PUERTO,LIMA,2,0,0.0,1445030.0,False
MUNICIPALIDAD DISTRITAL DE TAMBILLO,AYACUCHO,2,0,0.0,326892.0,False
MUNICIPALIDAD DISTRITAL DE TAPAY,AREQUIPA,2,0,0.0,292050.0,False
MUNICIPALIDAD DISTRITAL DE TAPO,JUNIN,2,0,0.0,3308873.0,False
MUNICIPALIDAD DISTRITAL DE TILALI,PUNO,2,0,0.0,225537.0,False
MUNICIPALIDAD DISTRITAL DE TISCO,AREQUIPA,2,0,0.0,1148192.0,False
MUNICIPALIDAD DISTRITAL DE TOMAS,LIMA,2,0,0.0,1219366.0,False
MUNICIPALIDAD DISTRITAL DE TOMAYKICHWA,HUANUCO,2,0,0.0,1047233.0,False
MUNICIPALIDAD DISTRITAL DE TORAYA,APURIMAC,2,0,0.0,245446.0,False
MUNICIPALIDAD DISTRITAL DE TORIBIO CASANOVA,CAJAMARCA,2,0,0.0,373593.0,False
MUNICIPALIDAD DISTRITAL DE TOTORA,AMAZONAS,2,0,0.0,1600112.0,False
MUNICIPALIDAD DISTRITAL DE TOTOS,AYACUCHO,2,0,0.0,183296.0,False
MUNICIPALIDAD DISTRITAL DE TUPAC AMARU INCA,ICA,2,0,0.0,1660809.0,False
MUNICIPALIDAD DISTRITAL DE UCHUMARCA,LA LIBERTAD,2,0,0.0,4570782.0,False
MUNICIPALIDAD DISTRITAL DE UMARI,HUANUCO,2,0,0.0,4424688.0,False
MUNICIPALIDAD DISTRITAL DE UTICYACU,CAJAMARCA,2,0,0.0,3541965.0,False
MUNICIPALIDAD DISTRITAL DE VICTOR LARCO HERRERA,LA LIBERTAD,2,0,0.0,3829255.0,False
MUNICIPALIDAD DISTRITAL DE VILLA RICA,PASCO,2,0,0.0,1802000.0,False
MUNICIPALIDAD DISTRITAL DE VISCHONGO,AYACUCHO,2,0,0.0,1112756.0,False
MUNICIPALIDAD DISTRITAL DE YANACANCHA - PASCO,PASCO,2,0,0.0,1660534.0,False
MUNICIPALIDAD DISTRITAL DE YANAHUAYA,PUNO,2,0,0.0,224504.0,False
MUNICIPALIDAD DISTRITAL DE YANAQUIHUA,AREQUIPA,2,0,0.0,3868577.0,False
MUNICIPALIDAD DISTRITAL DE YANATILE,CUSCO,2,0,0.0,340747.0,False
MUNICIPALIDAD DISTRITAL DE YARUMAYO,HUANUCO,2,0,0.0,892148.0,False
MUNICIPALIDAD DISTRITAL DE YAULI - YAULI,JUNIN,2,0,0.0,2174589.0,False
MUNICIPALIDAD DISTRITAL DE YUNGAR,ANCASH,2,0,0.0,362324.0,False
MUNICIPALIDAD DISTRITAL DE YUYAPICHIS,HUANUCO,2,0,0.0,4665552.0,False
MUNICIPALIDAD DISTRITAL DE ZEPITA,PUNO,2,0,0.0,3505237.0,False
MUNICIPALIDAD DISTRITAL DE ZUÑIGA,LIMA,2,0,0.0,2405000.0,False
MUNICIPALIDAD DISTRITAL JOSE MARIA ARGUEDAS,APURIMAC,2,0,0.0,302350.0,False
MUNICIPALIDAD DISTRITAL LA JOYA,AREQUIPA,2,0,0.0,284585.0,False
MUNICIPALIDAD PROVINCIAL DE ACOBAMBA,HUANCAVELICA,2,0,0.0,849518.0,False
MUNICIPALIDAD PROVINCIAL DE ACOMAYO,CUSCO,2,0,0.0,1011770.0,False
MUNICIPALIDAD PROVINCIAL DE ANTONIO RAYMONDI - LLAMELLIN,ANCASH,2,0,0.0,1711648.0,False
MUNICIPALIDAD PROVINCIAL DE CANDARAVE,TACNA,2,0,0.0,200231.0,False
MUNICIPALIDAD PROVINCIAL DE EL DORADO VILLA SAN JOSE DE SISA,SAN MARTIN,2,0,0.0,642624.0,False
MUNICIPALIDAD PROVINCIAL DE GRAN CHIMU - CASCAS,LA LIBERTAD,2,0,0.0,609830.0,False
MUNICIPALIDAD PROVINCIAL DE MOYOBAMBA,SAN MARTIN,2,0,0.0,1412942.0,False
MUNICIPALIDAD PROVINCIAL DE PARURO,CUSCO,2,0,0.0,137935.0,False
MUNICIPALIDAD PROVINCIAL DE SAN ANTONIO DE PUTINA,PUNO,2,0,0.0,418180.0,False
MUNICIPALIDAD PROVINCIAL DE SANCHEZ CERRO - OMATE,MOQUEGUA,2,0,0.0,478125.0,False
MUNICIPALIDAD PROVINCIAL DE SANTA CRUZ,CAJAMARCA,2,0,0.0,312160.0,False
MUNICIPALIDAD PROVINCIAL DE UTCUBAMBA - BAGUA GRANDE,AMAZONAS,2,0,0.0,1011552.0,False
MUNICIPALIDAD PROVINCIAL DE VILCASHUAMAN,AYACUCHO,2,0,0.0,4959240.0,False
ORGANISMO DE SUPERVISION DE LOS RECURSOS FORESTALES Y DE FAUNA SILVESTRE,LIMA,2,0,0.0,2981353.0,False
PCM - PROGRAMA DE MEJOR ATENCION AL CIUDADANO - MAC,LIMA,2,0,0.0,858925.0,False
PROGRAMA DE PENSIÓN NO CONTRIBUTIVA A PERSONAS CON DISCAPACIDAD SEVERA EN SITUACIÓN DE POBREZA,LIMA,2,0,0.0,514939.0,False
SERVICIO DE ADMINISTRACION TRIBUTARIA TRUJILLO,LA LIBERTAD,2,0,0.0,1641335.0,False
SERVICIO NACIONAL DE CERTIFICACION AMBIENTAL PARA LA INVESTIGACION,LIMA,2,0,0.0,885432.0,False
UNIDAD DE GESTION EDUCATIVA LOCAL UGEL 07 - SAN BORJA,LIMA,2,0,0.0,261261.0,False
UNIDAD EJECUTORA 032: DIRECCION GENERAL DE INFRAESTRUCTURA,LIMA,2,0,0.0,166800.0,False
UNIVERSIDAD NACIONAL AUTONOMA DE TAYACAJA DANIEL HERNANDEZ MORILLO,HUANCAVELICA,2,0,0.0,1931862.0,False
UNIVERSIDAD NACIONAL INTERCULTURAL DE LA AMAZONIA,UCAYALI,2,0,0.0,555411.0,False
ZONA REGISTRAL N° II SEDE CHICLAYO,LAMBAYEQUE,2,0,0.0,532007.0,False
ACADEMIA DE LA MAGISTRATURA,LIMA,1,0,0.0,143440.0,False
ARCHIVO GENERAL DE LA NACION,LIMA,1,0,0.0,937000.0,False
BANCO DE MATERIALES EN LIQUIDACION,LIMA,1,0,0.0,150217.0,False
BIBLIOTECA NACIONAL DEL PERU,LIMA,1,0,0.0,110000.0,False
CENTRAL DE COMPRAS PUBLICAS - PERU COMPRAS,LIMA,1,0,0.0,1199228.0,False
COLEGIO MAYOR SECUNDARIO PRESIDENTE DEL PERU,LIMA,1,0,0.0,767487.0,False
COMPLEJO TURISTICO BAÑOS DEL INCA,CAJAMARCA,1,0,0.0,272449.0,False
CORTE SUPERIOR DE JUSTICIA DE ANCASH,ANCASH,1,0,0.0,601065.0,False
CORTE SUPERIOR DE JUSTICIA DE AREQUIPA,AREQUIPA,1,0,0.0,1082788.0,False
CORTE SUPERIOR DE JUSTICIA DE JUNIN,JUNIN,1,0,0.0,125977.0,False
CORTE SUPERIOR DE JUSTICIA DE SAN MARTIN,SAN MARTIN,1,0,0.0,479778.0,False
CORTE SUPERIOR DE JUSTICIA DE UCAYALI,UCAYALI,1,0,0.0,242448.0,False
CUARTA MACRO REGION POLICIAL LORETO,LORETO,1,0,0.0,376343.0,False
EMPRESA EMAPA HUANCAVELICA S.A.C,HUANCAVELICA,1,0,0.0,167994.0,False
EMPRESA MUNICIPAL DE AGUA POTABLE Y ALCANTARILLADO DE PASCO S.A.,PASCO,1,0,0.0,84370.0,False
EMPRESA MUNICIPAL DE MERCADOS S.A.,LIMA,1,0,0.0,49200000.0,False
EMPRESA NACIONAL DE LA COCA S.A.,CUSCO,1,0,0.0,110853.0,False
ENTIDAD PRESTADORA DE SERVICIO DE SANEAMIENTO DEL MANTARO S.A.,JUNIN,1,0,0.0,163017.0,False
ENTIDAD PRESTADORA DE SERVICIOS DE SANEAMIENTO SELVA CENTRAL S.A.,JUNIN,1,0,0.0,58531.0,False
ESCUELA NACIONAL SUPERIOR DE BALLET,LIMA,1,0,0.0,160000.0,False
ESTACION EXPERIMENTAL AGRARIA ANDENES-CUSCO,CUSCO,1,0,0.0,603828.0,False
ESTACION EXPERIMENTAL AGRARIA PUCALLPA - UCAYALI,UCAYALI,1,0,0.0,404990.0,False
ESTACION EXPERIMENTAL AGRARIA VISTA FLORIDA - LAMBAYEQUE,LAMBAYEQUE,1,0,0.0,230593.0,False
FONDO NACIONAL DE DESARROLLO PESQUERO,LIMA,1,0,0.0,1429144.0,False
GOBIERNO  REGIONAL DE CAJAMARCA -  UNIDAD EJECUTORA SALUD HUALGAYOC - BAMBAMARCA,CAJAMARCA,1,0,0.0,102900.0,False
GOBIERNO REGIONAL CAJAMARCA SALUD SAN IGNACIO,CAJAMARCA,1,0,0.0,280120.0,False
GOBIERNO REGIONAL DE AMAZONAS - HOSPITAL DE APOYO BAGUA,AMAZONAS,1,0,0.0,78726.0,False
GOBIERNO REGIONAL DE AMAZONAS - SUB REGION DE SALUD BAGUA,AMAZONAS,1,0,0.0,119720.0,False
GOBIERNO REGIONAL DE ANCASH - DIRECCION REGIONAL DE EDUCACION,ANCASH,1,0,0.0,56048.0,False
GOBIERNO REGIONAL DE ANCASH - UNIDAD DE GESTION EDUCATIVA LOCAL DE HUARAZ,ANCASH,1,0,0.0,74701.0,False
GOBIERNO REGIONAL DE ANCASH - UNIDAD DE GESTION EDUCATIVA LOCAL SANTA,ANCASH,1,0,0.0,99460.0,False
GOBIERNO REGIONAL DE ANCASH - UNIDAD DE GESTIÓN EDUCATIVA LOCAL DE SIHUAS,ANCASH,1,0,0.0,237500.0,False
GOBIERNO REGIONAL DE ANCASH-AGRICULTURA,ANCASH,1,0,0.0,12447363.0,False
GOBIERNO REGIONAL DE ANCASH-EDUCACION USE PALLASCA,ANCASH,1,0,0.0,89100.0,False
GOBIERNO REGIONAL DE APURIMAC - RED DE SALUD COTABAMBAS,APURIMAC,1,0,0.0,104544.0,False
GOBIERNO REGIONAL DE APURIMAC - UNIDAD DE GESTION EDUCATIVA LOCAL DE ABANCAY,APURIMAC,1,0,0.0,199440.0,False
GOBIERNO REGIONAL DE APURIMAC- EDUCACION UGEL CHINCHEROS,APURIMAC,1,0,0.0,296794.0,False
GOBIERNO REGIONAL DE APURIMAC-EDUCACION CHANKA,APURIMAC,1,0,0.0,271560.0,False
GOBIERNO REGIONAL DE APURIMAC-SALUD APURIMAC,APURIMAC,1,0,0.0,835289.0,False
GOBIERNO REGIONAL DE AREQUIPA - COLEGIO MILITAR FRANCISCO BOLOGNESI,AREQUIPA,1,0,0.0,64560.0,False
GOBIERNO REGIONAL DE AREQUIPA-TRABAJO,AREQUIPA,1,0,0.0,301510.0,False
GOBIERNO REGIONAL DE AREQUIPA-ZONA DE DESARROLLO INTEGRAL DE SALUD CAMANA,AREQUIPA,1,0,0.0,50050.0,False
GOBIERNO REGIONAL DE AYACUCHO - RED DE SALUD PUQUIO  SUR AYACUCHO,AYACUCHO,1,0,0.0,137897.0,False
GOBIERNO REGIONAL DE AYACUCHO - SALUD SARASARA,AYACUCHO,1,0,0.0,134511.0,False
GOBIERNO REGIONAL DE AYACUCHO - UNIDAD DE GESTION EDUCATIVA LOCAL DE HUAMANGA,AYACUCHO,1,0,0.0,69555.0,False
GOBIERNO REGIONAL DE AYACUCHO - UNIDAD EJECUTORA 305 EDUCACION HUANTA,AYACUCHO,1,0,0.0,75204.0,False
GOBIERNO REGIONAL DE AYACUCHO - UNIDAD EJECUTORA EDUCACION VRAE LA MAR,AYACUCHO,1,0,0.0,54600.0,False
GOBIERNO REGIONAL DE AYACUCHO-EDUCACIÓN LUCANAS,AYACUCHO,1,0,0.0,55770.0,False
GOBIERNO REGIONAL DE AYACUCHO-EDUCACIÓN SARA SARA,AYACUCHO,1,0,0.0,52140.0,False
GOBIERNO REGIONAL DE AYACUCHO-SALUD,AYACUCHO,1,0,0.0,100000.0,False
GOBIERNO REGIONAL DE CAJAMARCA - UNIDAD DE GESTION EDUCATIVA LOCAL CELENDIN,CAJAMARCA,1,0,0.0,146717.0,False
GOBIERNO REGIONAL DE CAJAMARCA - UNIDAD DE GESTION EDUCATIVA LOCAL SAN MARCOS,CAJAMARCA,1,0,0.0,115014.0,False
GOBIERNO REGIONAL DE CUSCO - UNIDAD DE GESTION EDUCATIVA LOCAL LA CONVENCION,CUSCO,1,0,0.0,80344.0,False
GOBIERNO REGIONAL DE CUSCO - UNIDAD DE SERVICIOS EDUCATIVOS CANCHIS,CUSCO,1,0,0.0,279680.0,False
GOBIERNO REGIONAL DE CUSCO - UNIDAD EJECUTORA 309 EDUCACION PAUCARTAMBO,CUSCO,1,0,0.0,63036.0,False
GOBIERNO REGIONAL DE CUSCO - UNIDAD EJECUTORA 408 HOSPITAL DE ESPINAR,CUSCO,1,0,0.0,87674.0,False
GOBIERNO REGIONAL DE HUANCAVELICA GERENCIA SUB REGIONAL DE CASTROVIRREYNA,HUANCAVELICA,1,0,0.0,60719.0,False
GOBIERNO REGIONAL DE HUANUCO - RED DE SALUD HUAMALIES,HUANUCO,1,0,0.0,86088.0,False
GOBIERNO REGIONAL DE HUANUCO - RED DE SALUD PACHITEA,HUANUCO,1,0,0.0,77736.0,False
GOBIERNO REGIONAL DE HUANUCO - UNIDAD DE GESTION EDUCATIVA LOCAL DE AMBO,HUANUCO,1,0,0.0,99870.0,False
GOBIERNO REGIONAL DE HUANUCO - UNIDAD EJECUTORA 310 EDUCACION YAROWILCA,HUANUCO,1,0,0.0,99700.0,False
GOBIERNO REGIONAL DE HUANUCO-EDUCACION DOS DE MAYO,HUANUCO,1,0,0.0,100000.0,False
GOBIERNO REGIONAL DE HUANUCO-EDUCACION USE MARAÑON,HUANUCO,1,0,0.0,100000.0,False
GOBIERNO REGIONAL DE ICA - UNIDAD DE GESTION EDUCATIVA LOCAL NAZCA,ICA,1,0,0.0,241800.0,False
GOBIERNO REGIONAL DE ICA - UNIDAD EJECUTORA 304 EDUCACION PALPA,ICA,1,0,0.0,91000.0,False
GOBIERNO REGIONAL DE ICA - UNIDAD EJECUTORA 407 HOSPITAL DE APOYO PALPA,ICA,1,0,0.0,98150.0,False
GOBIERNO REGIONAL DE ICA- SALUD PALPA- NASCA,ICA,1,0,0.0,201958.0,False
GOBIERNO REGIONAL DE JUNIN-SALUD,JUNIN,1,0,0.0,204117.0,False
GOBIERNO REGIONAL DE LA LIBERTAD - COLEGIO MILITAR GRAN MARISCAL  RAMON CASTILLA,LA LIBERTAD,1,0,0.0,50022.0,False
GOBIERNO REGIONAL DE LA LIBERTAD - GERENCIA REGIONAL DE EDUCACION LA LIBERTAD,LA LIBERTAD,1,0,0.0,64291.0,False
GOBIERNO REGIONAL DE LA LIBERTAD - SALUD PATAZ,LA LIBERTAD,1,0,0.0,224285.0,False
GOBIERNO REGIONAL DE LA LIBERTAD - SALUD UTES SANTIAGO DE CHUCO,LA LIBERTAD,1,0,0.0,109037.0,False
GOBIERNO REGIONAL DE LA LIBERTAD - UNIDAD DE GESTION EDUCATIVA LOCAL 01- EL PORVENIR,LA LIBERTAD,1,0,0.0,133756.0,False
GOBIERNO REGIONAL DE LA LIBERTAD-EDUCACION USE ASCOPE,LA LIBERTAD,1,0,0.0,85200.0,False
GOBIERNO REGIONAL DE LA LIBERTAD-EDUCACION USE CHEPEN,LA LIBERTAD,1,0,0.0,283940.0,False
GOBIERNO REGIONAL DE LA LIBERTAD-EDUCACION USE SANCHEZ CARRION,LA LIBERTAD,1,0,0.0,258110.0,False
GOBIERNO REGIONAL DE LA LIBERTAD-SALUD UTES CHEPEN,LA LIBERTAD,1,0,0.0,79750.0,False
GOBIERNO REGIONAL DE LAMBAYEQUE - UGEL LAMBAYEQUE,LAMBAYEQUE,1,0,0.0,900353.0,False
GOBIERNO REGIONAL DE LAMBAYEQUE-SALUD,LAMBAYEQUE,1,0,0.0,300000.0,False
GOBIERNO REGIONAL DE LIMA - RED DE SALUD DE HUAROCHIRI,LIMA,1,0,0.0,87200.0,False
GOBIERNO REGIONAL DE LIMA - UNIDAD DE GESTION EDUCATIVA LOCAL UGEL 09,LIMA,1,0,0.0,83255.0,False
GOBIERNO REGIONAL DE LIMA - UNIDAD DE GESTION EDUCATIVA LOCAL UGEL 14 - OYON,LIMA,1,0,0.0,53200.0,False
GOBIERNO REGIONAL DE LIMA - UNIDAD DE GESTION EDUCATIVA LOCAL UGEL 15 - HUAROCHIRI,LIMA,1,0,0.0,76868.0,False
GOBIERNO REGIONAL DE LORETO - GERENCIA SUB REGIONAL DE UCAYALI - CONTAMANA,LORETO,1,0,0.0,354000.0,False
GOBIERNO REGIONAL DE LORETO UNIDAD EJECUTORA SALUD UCAYALI - CONTAMANA,LORETO,1,0,0.0,167255.0,False
GOBIERNO REGIONAL DE LORETO-EDUCACION UCAYALI-CONTAMANA LORETO,LORETO,1,0,0.0,69932.0,False
GOBIERNO REGIONAL DE MADRE DE DIOS-EDUCACION,MADRE DE DIOS,1,0,0.0,84313.0,False
GOBIERNO REGIONAL DE MOQUEGUA-SALUD,MOQUEGUA,1,0,0.0,180204.0,False
GOBIERNO REGIONAL DE PASCO - UNIDAD DE GESTION EDUCATIVA DE OXAPAMPA,PASCO,1,0,0.0,250000.0,False
GOBIERNO REGIONAL DE PIURA - DIRECCIÓN  REGIONAL DE AGRICULTURA,PIURA,1,0,0.0,66540.0,False
GOBIERNO REGIONAL DE PIURA - HOSPITAL DE APOYO I NUESTRA SEÑORA DE LAS MERCEDES,PIURA,1,0,0.0,105500.0,False
GOBIERNO REGIONAL DE PIURA - INSTITUTOS SUPERIORES DE EDUCACION PUBLICA REGIONAL DE PIURA,PIURA,1,0,0.0,473000.0,False
GOBIERNO REGIONAL DE PIURA-GERENCIA SUB REGIONAL MORROPON HUANCABAMBA,PIURA,1,0,0.0,25569482.0,False
GOBIERNO REGIONAL DE PIURA-HOSPITAL DE APOYO I CHULUCANAS,PIURA,1,0,0.0,9242006.0,False
GOBIERNO REGIONAL DE PUNO - UNIDAD DE GESTION EDUCATIVA LOCAL PUNO,PUNO,1,0,0.0,99334.0,False
GOBIERNO REGIONAL DE PUNO-EDUCACION ADE SAN ROMAN,PUNO,1,0,0.0,65000.0,False
GOBIERNO REGIONAL DE PUNO-EDUCACION PUNO,PUNO,1,0,0.0,112000.0,False
GOBIERNO REGIONAL DE PUNO-EDUCACIÓN CHUCUITO JULI,PUNO,1,0,0.0,90071.0,False
GOBIERNO REGIONAL DE PUNO-SALUD CHUCUITO,PUNO,1,0,0.0,122000.0,False
GOBIERNO REGIONAL DE PUNO-SALUD HUANCANE,PUNO,1,0,0.0,64348.0,False
GOBIERNO REGIONAL DE SAN MARTIN - ALTO HUALLAGA TOCACHE,SAN MARTIN,1,0,0.0,1134145.0,False
GOBIERNO REGIONAL DE SAN MARTIN - UNIDAD DE GESTION EDUCATIVA LOCAL DE RIOJA,SAN MARTIN,1,0,0.0,170036.0,False
GOBIERNO REGIONAL DE SAN MARTIN-EDUCACION HUALLAGA CENTRAL (UGEL MARISCAL CACERES-JUANJUI),SAN MARTIN,1,0,0.0,51725.0,False
GOBIERNO REGIONAL DE TACNA - UNIDAD DE GESTION EDUCATIVA LOCAL DE TACNA,TACNA,1,0,0.0,70576.0,False
GOBIERNO REGIONAL DE TACNA-AGRICULTURA,TACNA,1,0,0.0,68700.0,False
GOBIERNO REGIONAL DE TUMBES - DIRECCION REGIONAL SALUD TUMBES,TUMBES,1,0,0.0,64785.0,False
GOBIERNO REGIONAL DE TUMBES - UNIDAD DE GESTION EDUCATIVA LOCAL DE TUMBES,TUMBES,1,0,0.0,69626.0,False
GOBIERNO REGIONAL DE TUMBES-EDUCACION,TUMBES,1,0,0.0,2145633.0,False
GOBIERNO REGIONAL DE UCAYALI - UNIDAD DE GESTION EDUCATIVA LOCAL DE PADRE ABAD,UCAYALI,1,0,0.0,153000.0,False
GOBIERNO REGIONAL DE UCAYALI-HOSPITAL AMAZONICO,UCAYALI,1,0,0.0,300050.0,False
GOBIERNO REGIONAL DEL CALLAO UNIDAD EJECUTORA HOSPITAL DE REHABILITACIÓN DEL CALLAO,CALLAO,1,0,0.0,178200.0,False
GOBIERNO REGIONAL HUANCAVELICA UNIDAD DE GESTION EDUCATIVA LOCAL HUANCAVELICA,HUANCAVELICA,1,0,0.0,239200.0,False
GOBIERNO REGIONAL HUANCAVELICA UNIDAD EJECUTORA 406 RED DE SALUD HUANCAVELICA,HUANCAVELICA,1,0,0.0,175855.0,False
INPE - OFICINA REGIONAL SUR AREQUIPA,AREQUIPA,1,0,0.0,468719.0,False
INPE-DIRECCION REGIONAL CENTRO - HUANCAYO,JUNIN,1,0,0.0,8667436.0,False
INPE-DIRECCION REGIONAL NORTE CHICLAYO,LAMBAYEQUE,1,0,0.0,384060.0,False
INSTITUTO DE VIALIDAD  MUNICIPAL DE LA PROVINCIA DE HUANCABAMBA,PIURA,1,0,0.0,278401.0,False
INSTITUTO DE VIALIDAD MUNICIPAL DE HUANCAYO,JUNIN,1,0,0.0,58307.0,False
INSTITUTO VIAL PROVINCIAL DE AMBO,HUANUCO,1,0,0.0,54750.0,False
INSTITUTO VIAL PROVINCIAL DE CAMANA,AREQUIPA,1,0,0.0,220249.0,False
INSTITUTO VIAL PROVINCIAL DE SAN PABLO,CAJAMARCA,1,0,0.0,271419.0,False
INSTITUTO VIAL PROVINCIAL DE SATIPO - IVP SATIPO,JUNIN,1,0,0.0,56703.0,False
INSTITUTO VIAL PROVINCIAL DE TOCACHE - IVP TOCACHE,SAN MARTIN,1,0,0.0,65500.0,False
INSTITUTO VIAL PROVINCIAL DE YAULI LA OROYA,JUNIN,1,0,0.0,82320.0,False
INSTITUTO VIAL PROVINCIAL MUNICIPAL DE CONCEPCION,JUNIN,1,0,0.0,58908.0,False
INSTITUTO VIAL PROVINCIAL MUNICIPAL DE CORONGO,ANCASH,1,0,0.0,229099.0,False
INSTITUTO VIAL PROVINCIAL MUNICIPAL DE MARISCAL LUZURIAGA,ANCASH,1,0,0.0,92610.0,False
INSTITUTO VIAL PROVINCIAL MUNICIPAL DE POMABAMBA,ANCASH,1,0,0.0,125903.0,False
MANCOMUNIDAD MUNICIPAL ALTO UTCUBAMBA,AMAZONAS,1,0,0.0,65000.0,False
MEF - SECRETARIA TECNICA DE APOYO A LA COMISION AD HOC CREADA POR LA LEY 29625,LIMA,1,0,0.0,412500.0,False
MINAG - PROYECTO ESPECIAL SIERRA CENTRO SUR,AYACUCHO,1,0,0.0,51266.0,False
MINISTERIO DE DEFENSA - CENTRO DE ALTOS ESTUDIOS NACIONALES - ESCUELA DE POSGRADO,LIMA,1,0,0.0,74932.0,False
MINISTERIO DE EDUCACION,LIMA,1,0,0.0,1455243.0,False
MINISTERIO PUBLICO - GERENCIA ADMINISTRATIVA DE LAMBAYEQUE,LAMBAYEQUE,1,0,0.0,169436.0,False
MUNICIPALIDAD DISTRITAL DE ACOBAMBA - SIHUAS,ANCASH,1,0,0.0,326589.0,False
MUNICIPALIDAD DISTRITAL DE ACOCHACA,ANCASH,1,0,0.0,285030.0,False
MUNICIPALIDAD DISTRITAL DE ACOLLA,JUNIN,1,0,0.0,53632.0,False
MUNICIPALIDAD DISTRITAL DE ACORIA,HUANCAVELICA,1,0,0.0,100000.0,False
MUNICIPALIDAD DISTRITAL DE ACOS,CUSCO,1,0,0.0,1828175.0,False
MUNICIPALIDAD DISTRITAL DE ACOS VINCHOS,AYACUCHO,1,0,0.0,835030.0,False
MUNICIPALIDAD DISTRITAL DE ACZO,ANCASH,1,0,0.0,85686.0,False
MUNICIPALIDAD DISTRITAL DE AGUAS VERDES,TUMBES,1,0,0.0,2054036.0,False
MUNICIPALIDAD DISTRITAL DE AHUAC,JUNIN,1,0,0.0,479957.0,False
MUNICIPALIDAD DISTRITAL DE ALONSO DE ALVARADO,SAN MARTIN,1,0,0.0,863055.0,False
MUNICIPALIDAD DISTRITAL DE ANCHIHUAY,AYACUCHO,1,0,0.0,621577.0,False
MUNICIPALIDAD DISTRITAL DE ANDAGUA,AREQUIPA,1,0,0.0,83949.0,False
MUNICIPALIDAD DISTRITAL DE ANDAJES,LIMA,1,0,0.0,256386.0,False
MUNICIPALIDAD DISTRITAL DE ANDAMARCA,JUNIN,1,0,0.0,1453476.0,False
MUNICIPALIDAD DISTRITAL DE ANDAYMARCA,HUANCAVELICA,1,0,0.0,117845.0,False
MUNICIPALIDAD DISTRITAL DE ANDRES AVELINO CACERES DORREGARAY,AYACUCHO,1,0,0.0,652200.0,False
MUNICIPALIDAD DISTRITAL DE ANTA - ACOBAMBA,HUANCAVELICA,1,0,0.0,437970.0,False
MUNICIPALIDAD DISTRITAL DE ANTA - CARHUAZ,ANCASH,1,0,0.0,63066.0,False
MUNICIPALIDAD DISTRITAL DE ARAPA,PUNO,1,0,0.0,55982.0,False
MUNICIPALIDAD DISTRITAL DE ATAVILLOS BAJO,LIMA,1,0,0.0,536977.0,False
MUNICIPALIDAD DISTRITAL DE ATIQUIPA,AREQUIPA,1,0,0.0,484500.0,False
MUNICIPALIDAD DISTRITAL DE AURAHUA,HUANCAVELICA,1,0,0.0,463889.0,False
MUNICIPALIDAD DISTRITAL DE BAMBAMARCA,LA LIBERTAD,1,0,0.0,349480.0,False
MUNICIPALIDAD DISTRITAL DE BAMBAS,ANCASH,1,0,0.0,248605.0,False
MUNICIPALIDAD DISTRITAL DE BARRANQUITA,SAN MARTIN,1,0,0.0,0.0,False
MUNICIPALIDAD DISTRITAL DE BELEN - SUCRE,AYACUCHO,1,0,0.0,100000.0,False
MUNICIPALIDAD DISTRITAL DE BELLA UNION,AREQUIPA,1,0,0.0,2804256.0,False
MUNICIPALIDAD DISTRITAL DE BELLAVISTA - SULLANA,PIURA,1,0,0.0,100000.0,False
MUNICIPALIDAD DISTRITAL DE BERNAL,PIURA,1,0,0.0,598932.0,False
MUNICIPALIDAD DISTRITAL DE BOLIVAR,CAJAMARCA,1,0,0.0,2365261.0,False
MUNICIPALIDAD DISTRITAL DE BOLOGNESI,ANCASH,1,0,0.0,962933.0,False
MUNICIPALIDAD DISTRITAL DE CABANACONDE,AREQUIPA,1,0,0.0,312166.0,False
MUNICIPALIDAD DISTRITAL DE CABANILLA,PUNO,1,0,0.0,685780.0,False
MUNICIPALIDAD DISTRITAL DE CACHICADAN,LA LIBERTAD,1,0,0.0,507309.0,False
MUNICIPALIDAD DISTRITAL DE CAHUAC,HUANUCO,1,0,0.0,52383.0,False
MUNICIPALIDAD DISTRITAL DE CAMPORREDONDO,AMAZONAS,1,0,0.0,374028.0,False
MUNICIPALIDAD DISTRITAL DE CANCHABAMBA,HUANUCO,1,0,0.0,67806.0,False
MUNICIPALIDAD DISTRITAL DE CAPELO,LORETO,1,0,0.0,321601.0,False
MUNICIPALIDAD DISTRITAL DE CARABAMBA,LA LIBERTAD,1,0,0.0,498111.0,False
MUNICIPALIDAD DISTRITAL DE CARANIA,LIMA,1,0,0.0,553208.0,False
MUNICIPALIDAD DISTRITAL DE CARHUAPAMPA,ANCASH,1,0,0.0,82044.0,False
MUNICIPALIDAD DISTRITAL DE CARMEN ALTO,AYACUCHO,1,0,0.0,211575.0,False
MUNICIPALIDAD DISTRITAL DE CARMEN SALCEDO,AYACUCHO,1,0,0.0,413372.0,False
MUNICIPALIDAD DISTRITAL DE CASCAPARA,ANCASH,1,0,0.0,53250.0,False
MUNICIPALIDAD DISTRITAL DE CAYALTI,LAMBAYEQUE,1,0,0.0,226853.0,False
MUNICIPALIDAD DISTRITAL DE CAYNARACHI,SAN MARTIN,1,0,0.0,703750.0,False
MUNICIPALIDAD DISTRITAL DE CCARHUAYO,CUSCO,1,0,0.0,1510766.0,False
MUNICIPALIDAD DISTRITAL DE CCOCHACCASA,HUANCAVELICA,1,0,0.0,649269.0,False
MUNICIPALIDAD DISTRITAL DE CHACA,AYACUCHO,1,0,0.0,937801.0,False
MUNICIPALIDAD DISTRITAL DE CHACHAS,AREQUIPA,1,0,0.0,315752.0,False
MUNICIPALIDAD DISTRITAL DE CHACOCHE,APURIMAC,1,0,0.0,1517792.0,False
MUNICIPALIDAD DISTRITAL DE CHALACO,PIURA,1,0,0.0,74178.0,False
MUNICIPALIDAD DISTRITAL DE CHALAMARCA,CAJAMARCA,1,0,0.0,246483.0,False
MUNICIPALIDAD DISTRITAL DE CHAMBARA,JUNIN,1,0,0.0,162881.0,False
MUNICIPALIDAD DISTRITAL DE CHANCAY - SAN MARCOS,CAJAMARCA,1,0,0.0,87096.0,False
MUNICIPALIDAD DISTRITAL DE CHANGUILLO,ICA,1,0,0.0,100000.0,False
MUNICIPALIDAD DISTRITAL DE CHAVIÑA,AYACUCHO,1,0,0.0,135273.0,False
MUNICIPALIDAD DISTRITAL DE CHIARA - HUAMANGA,AYACUCHO,1,0,0.0,95850.0,False
MUNICIPALIDAD DISTRITAL DE CHICLA,LIMA,1,0,0.0,480673.0,False
MUNICIPALIDAD DISTRITAL DE CHILCAYOC,AYACUCHO,1,0,0.0,190472.0,False
MUNICIPALIDAD DISTRITAL DE CHILETE,CAJAMARCA,1,0,0.0,35209915.0,False
MUNICIPALIDAD DISTRITAL DE CHILIA,LA LIBERTAD,1,0,0.0,1620363.0,False
MUNICIPALIDAD DISTRITAL DE CHIMBAN,CAJAMARCA,1,0,0.0,557735.0,False
MUNICIPALIDAD DISTRITAL DE CHINCHAYPUCYO,CUSCO,1,0,0.0,99277.0,False
MUNICIPALIDAD DISTRITAL DE CHINGALPO,ANCASH,1,0,0.0,1411236.0,False
MUNICIPALIDAD DISTRITAL DE CHOCHOPE,LAMBAYEQUE,1,0,0.0,449853.0,False
MUNICIPALIDAD DISTRITAL DE CHOCO,AREQUIPA,1,0,0.0,791829.0,False
MUNICIPALIDAD DISTRITAL DE CHOCOPE,LA LIBERTAD,1,0,0.0,68800.0,False
MUNICIPALIDAD DISTRITAL DE CHOLON,HUANUCO,1,0,0.0,45000.0,False
MUNICIPALIDAD DISTRITAL DE CHONGOS BAJO,JUNIN,1,0,0.0,150000.0,False
MUNICIPALIDAD DISTRITAL DE CHUSCHI,AYACUCHO,1,0,0.0,5115543.0,False
MUNICIPALIDAD DISTRITAL DE COAZA,PUNO,1,0,0.0,98800.0,False
MUNICIPALIDAD DISTRITAL DE COCACHACRA,AREQUIPA,1,0,0.0,304500.0,False
MUNICIPALIDAD DISTRITAL DE COCHAPETI,ANCASH,1,0,0.0,153627.0,False
MUNICIPALIDAD DISTRITAL DE COCHAS - OCROS,ANCASH,1,0,0.0,484365.0,False
MUNICIPALIDAD DISTRITAL DE COLPAS,HUANUCO,1,0,0.0,736414.0,False
MUNICIPALIDAD DISTRITAL DE COMAS - JUNIN,JUNIN,1,0,0.0,171572.0,False
MUNICIPALIDAD DISTRITAL DE CONDORMARCA,LA LIBERTAD,1,0,0.0,980237.0,False
MUNICIPALIDAD DISTRITAL DE CONDOROMA,CUSCO,1,0,0.0,144000.0,False
MUNICIPALIDAD DISTRITAL DE COPALLIN,AMAZONAS,1,0,0.0,3547517.0,False
MUNICIPALIDAD DISTRITAL DE COTARUSE,APURIMAC,1,0,0.0,61424.0,False
MUNICIPALIDAD DISTRITAL DE CUENCA - HUANCAVELICA,HUANCAVELICA,1,0,0.0,766148.0,False
MUNICIPALIDAD DISTRITAL DE CUJILLO,CAJAMARCA,1,0,0.0,908445.0,False
MUNICIPALIDAD DISTRITAL DE CULEBRAS,ANCASH,1,0,0.0,281942.0,False
MUNICIPALIDAD DISTRITAL DE CUPISNIQUE,CAJAMARCA,1,0,0.0,580166.0,False
MUNICIPALIDAD DISTRITAL DE CURIBAYA,TACNA,1,0,0.0,179975.0,False
MUNICIPALIDAD DISTRITAL DE CURIMANA,UCAYALI,1,0,0.0,1104663.0,False
MUNICIPALIDAD DISTRITAL DE EL CARMEN DE LA FRONTERA - SAPALACHE,PIURA,1,0,0.0,1967878.0,False
MUNICIPALIDAD DISTRITAL DE EL CENEPA,AMAZONAS,1,0,0.0,696532.0,False
MUNICIPALIDAD DISTRITAL DE EL MANTARO,JUNIN,1,0,0.0,227842.0,False
MUNICIPALIDAD DISTRITAL DE EL MILAGRO,AMAZONAS,1,0,0.0,1399211.0,False
MUNICIPALIDAD DISTRITAL DE EL ORO,APURIMAC,1,0,0.0,201085.0,False
MUNICIPALIDAD DISTRITAL DE EL PRADO,CAJAMARCA,1,0,0.0,156543.0,False
MUNICIPALIDAD DISTRITAL DE FIDEL OLIVAS ESCUDERO,ANCASH,1,0,0.0,715287.0,False
MUNICIPALIDAD DISTRITAL DE FITZCARRALD,MADRE DE DIOS,1,0,0.0,139902.0,False
MUNICIPALIDAD DISTRITAL DE FLORIDA - POMACOCHAS,AMAZONAS,1,0,0.0,2865031.0,False
MUNICIPALIDAD DISTRITAL DE GUADALUPITO,LA LIBERTAD,1,0,0.0,2338424.0,False
MUNICIPALIDAD DISTRITAL DE HUABAL,CAJAMARCA,1,0,0.0,253667.0,False
MUNICIPALIDAD DISTRITAL DE HUACHOCOLPA - TAYACAJA,HUANCAVELICA,1,0,0.0,527330.0,False
MUNICIPALIDAD DISTRITAL DE HUACULLANI,PUNO,1,0,0.0,208000.0,False
MUNICIPALIDAD DISTRITAL DE HUALHUAS,JUNIN,1,0,0.0,106092.0,False
MUNICIPALIDAD DISTRITAL DE HUALLANCA - BOLOGNESI,ANCASH,1,0,0.0,93486.0,False
MUNICIPALIDAD DISTRITAL DE HUAMBO - CAYLLOMA,AREQUIPA,1,0,0.0,62520.0,False
MUNICIPALIDAD DISTRITAL DE HUAMBOS,CAJAMARCA,1,0,0.0,172400.0,False
MUNICIPALIDAD DISTRITAL DE HUANCA HUANCA,HUANCAVELICA,1,0,0.0,65269.0,False
MUNICIPALIDAD DISTRITAL DE HUANCARAY,APURIMAC,1,0,0.0,1228165.0,False
MUNICIPALIDAD DISTRITAL DE HUANCARAYLLA,AYACUCHO,1,0,0.0,267493.0,False
MUNICIPALIDAD DISTRITAL DE HUANTAN,LIMA,1,0,0.0,402880.0,False
MUNICIPALIDAD DISTRITAL DE HUANUARA,TACNA,1,0,0.0,4999476.0,False
MUNICIPALIDAD DISTRITAL DE HUANUHUANU,AREQUIPA,1,0,0.0,100000.0,False
MUNICIPALIDAD DISTRITAL DE HUAQUIRCA,APURIMAC,1,0,0.0,280000.0,False
MUNICIPALIDAD DISTRITAL DE HUAROCONDO,CUSCO,1,0,0.0,99000.0,False
MUNICIPALIDAD DISTRITAL DE HUASAHUASI,JUNIN,1,0,0.0,1076446.0,False
MUNICIPALIDAD DISTRITAL DE HUASO,LA LIBERTAD,1,0,0.0,213604.0,False
MUNICIPALIDAD DISTRITAL DE HUATA - HUAYLAS,ANCASH,1,0,0.0,570872.0,False
MUNICIPALIDAD DISTRITAL DE HUAYA,AYACUCHO,1,0,0.0,311228.0,False
MUNICIPALIDAD DISTRITAL DE HUAYLAS,ANCASH,1,0,0.0,1909031.0,False
MUNICIPALIDAD DISTRITAL DE HUAYLLACAYAN,ANCASH,1,0,0.0,1191873.0,False
MUNICIPALIDAD DISTRITAL DE HUAYLLAHUARA,HUANCAVELICA,1,0,0.0,806928.0,False
MUNICIPALIDAD DISTRITAL DE HUAYLLAN,ANCASH,1,0,0.0,146715.0,False
MUNICIPALIDAD DISTRITAL DE HUAYNACOTAS - LA UNION,AREQUIPA,1,0,0.0,78840.0,False
MUNICIPALIDAD DISTRITAL DE HUICUNGO,SAN MARTIN,1,0,0.0,1135756.0,False
MUNICIPALIDAD DISTRITAL DE HUIPOCA,UCAYALI,1,0,0.0,134256.0,False
MUNICIPALIDAD DISTRITAL DE HUMAY,ICA,1,0,0.0,2117681.0,False
MUNICIPALIDAD DISTRITAL DE INAHUAYA,LORETO,1,0,0.0,463423.0,False
MUNICIPALIDAD DISTRITAL DE JAYANCA,LAMBAYEQUE,1,0,0.0,100000.0,False
MUNICIPALIDAD DISTRITAL DE JOSE DOMINGO CHOQUEHUANCA,PUNO,1,0,0.0,1030138.0,False
MUNICIPALIDAD DISTRITAL DE JOSE MARIA QUIMPER,AREQUIPA,1,0,0.0,225216.0,False
MUNICIPALIDAD DISTRITAL DE JULCAMARCA,HUANCAVELICA,1,0,0.0,45387.0,False
MUNICIPALIDAD DISTRITAL DE JULCAN,JUNIN,1,0,0.0,322141.0,False
MUNICIPALIDAD DISTRITAL DE JUSTO APU SAHUARAURA,APURIMAC,1,0,0.0,269000.0,False
MUNICIPALIDAD DISTRITAL DE KISHUARA,APURIMAC,1,0,0.0,1312445.0,False
MUNICIPALIDAD DISTRITAL DE LA CAPILLA,MOQUEGUA,1,0,0.0,82973.0,False
MUNICIPALIDAD DISTRITAL DE LA ESPERANZA - SANTA CRUZ,CAJAMARCA,1,0,0.0,175384.0,False
MUNICIPALIDAD DISTRITAL DE LA HUACA,PIURA,1,0,0.0,1701372.0,False
MUNICIPALIDAD DISTRITAL DE LA PRIMAVERA,ANCASH,1,0,0.0,1463740.0,False
MUNICIPALIDAD DISTRITAL DE LA RAMADA,CAJAMARCA,1,0,0.0,250000.0,False
MUNICIPALIDAD DISTRITAL DE LA TINGUIÑA,ICA,1,0,0.0,714476.0,False
MUNICIPALIDAD DISTRITAL DE LA UNION - PIURA,PIURA,1,0,0.0,1114635.0,False
MUNICIPALIDAD DISTRITAL DE LAGUNAS - ALTO AMAZONAS,LORETO,1,0,0.0,211000.0,False
MUNICIPALIDAD DISTRITAL DE LAGUNAS - AYABACA,PIURA,1,0,0.0,1665001.0,False
MUNICIPALIDAD DISTRITAL DE LAJAS,CAJAMARCA,1,0,0.0,314440.0,False
MUNICIPALIDAD DISTRITAL DE LALAQUIZ,PIURA,1,0,0.0,296194.0,False
MUNICIPALIDAD DISTRITAL DE LAS AMAZONAS,LORETO,1,0,0.0,525926.0,False
MUNICIPALIDAD DISTRITAL DE LAS PIRIAS,CAJAMARCA,1,0,0.0,116944.0,False
MUNICIPALIDAD DISTRITAL DE LEONCIO PRADO - LUCANAS,AYACUCHO,1,0,0.0,349804.0,False
MUNICIPALIDAD DISTRITAL DE LOBITOS,PIURA,1,0,0.0,900823.0,False
MUNICIPALIDAD DISTRITAL DE LOCROJA,HUANCAVELICA,1,0,0.0,238740.0,False
MUNICIPALIDAD DISTRITAL DE LUCANAS,AYACUCHO,1,0,0.0,395664.0,False
MUNICIPALIDAD DISTRITAL DE MACATE,ANCASH,1,0,0.0,114522.0,False
MUNICIPALIDAD DISTRITAL DE MADRE DE DIOS,MADRE DE DIOS,1,0,0.0,580000.0,False
MUNICIPALIDAD DISTRITAL DE MAGDALENA - CHACHAPOYAS,AMAZONAS,1,0,0.0,65000.0,False
MUNICIPALIDAD DISTRITAL DE MAGDALENA DE CAO,LA LIBERTAD,1,0,0.0,195057.0,False
MUNICIPALIDAD DISTRITAL DE MANCORA,PIURA,1,0,0.0,95000.0,False
MUNICIPALIDAD DISTRITAL DE MANSERICHE,LORETO,1,0,0.0,272805.0,False
MUNICIPALIDAD DISTRITAL DE MANTA,HUANCAVELICA,1,0,0.0,940690.0,False
MUNICIPALIDAD DISTRITAL DE MANZANARES,JUNIN,1,0,0.0,112000.0,False
MUNICIPALIDAD DISTRITAL DE MARANGANI,CUSCO,1,0,0.0,75528.0,False
MUNICIPALIDAD DISTRITAL DE MARCA,ANCASH,1,0,0.0,224583.0,False
MUNICIPALIDAD DISTRITAL DE MARCABAMBA,AYACUCHO,1,0,0.0,780000.0,False
MUNICIPALIDAD DISTRITAL DE MARCO,JUNIN,1,0,0.0,236756.0,False
MUNICIPALIDAD DISTRITAL DE MARISCAL BENAVIDES,AMAZONAS,1,0,0.0,309154.0,False
MUNICIPALIDAD DISTRITAL DE MARISCAL CASTILLA - CONCEPCION,JUNIN,1,0,0.0,85650.0,False
MUNICIPALIDAD DISTRITAL DE MASIN,ANCASH,1,0,0.0,223295.0,False
MUNICIPALIDAD DISTRITAL DE MI PERU,CALLAO,1,0,0.0,658460.0,False
MUNICIPALIDAD DISTRITAL DE MICAELA BASTIDAS,APURIMAC,1,0,0.0,69422.0,False
MUNICIPALIDAD DISTRITAL DE MIGUEL CHECA,PIURA,1,0,0.0,797119.0,False
MUNICIPALIDAD DISTRITAL DE MIGUEL IGLESIAS,CAJAMARCA,1,0,0.0,473871.0,False
MUNICIPALIDAD DISTRITAL DE MIRACOSTA,CAJAMARCA,1,0,0.0,603399.0,False
MUNICIPALIDAD DISTRITAL DE MIRAFLORES - YAUYOS,LIMA,1,0,0.0,2777261.0,False
MUNICIPALIDAD DISTRITAL DE MOYA,HUANCAVELICA,1,0,0.0,491627.0,False
MUNICIPALIDAD DISTRITAL DE MUQUIYAUYO,JUNIN,1,0,0.0,94320.0,False
MUNICIPALIDAD DISTRITAL DE NINABAMBA,CAJAMARCA,1,0,0.0,363690.0,False
MUNICIPALIDAD DISTRITAL DE NUEVA ARICA,LAMBAYEQUE,1,0,0.0,25548192.0,False
MUNICIPALIDAD DISTRITAL DE NUEVO IMPERIAL,LIMA,1,0,0.0,1138501.0,False
MUNICIPALIDAD DISTRITAL DE NUEVO OCCORO,HUANCAVELICA,1,0,0.0,133575.0,False
MUNICIPALIDAD DISTRITAL DE NUEVO PROGRESO,SAN MARTIN,1,0,0.0,227926.0,False
MUNICIPALIDAD DISTRITAL DE OCCOBAMBA - LA CONVENCION,CUSCO,1,0,0.0,277667.0,False
MUNICIPALIDAD DISTRITAL DE OCOYO,HUANCAVELICA,1,0,0.0,376153.0,False
MUNICIPALIDAD DISTRITAL DE OCUCAJE,ICA,1,0,0.0,178527.0,False
MUNICIPALIDAD DISTRITAL DE ORCOPAMPA,AREQUIPA,1,0,0.0,100000.0,False
MUNICIPALIDAD DISTRITAL DE OYOTUN,LAMBAYEQUE,1,0,0.0,445033.0,False
MUNICIPALIDAD DISTRITAL DE PACANGA,LA LIBERTAD,1,0,0.0,15025010.0,False
MUNICIPALIDAD DISTRITAL DE PACCHA - JAUJA,JUNIN,1,0,0.0,110200.0,False
MUNICIPALIDAD DISTRITAL DE PACCHA - YAULI,JUNIN,1,0,0.0,4660391.0,False
MUNICIPALIDAD DISTRITAL DE PACCHO,LIMA,1,0,0.0,80100.0,False
MUNICIPALIDAD DISTRITAL DE PACHACONAS,APURIMAC,1,0,0.0,235623.0,False
MUNICIPALIDAD DISTRITAL DE PACHACUTEC,ICA,1,0,0.0,91197.0,False
MUNICIPALIDAD DISTRITAL DE PACHANGARA,LIMA,1,0,0.0,110000.0,False
MUNICIPALIDAD DISTRITAL DE PACHIZA,SAN MARTIN,1,0,0.0,129800.0,False
MUNICIPALIDAD DISTRITAL DE PAJARILLO,SAN MARTIN,1,0,0.0,357539.0,False
MUNICIPALIDAD DISTRITAL DE PALCA - HUANCAVELICA,HUANCAVELICA,1,0,0.0,365129.0,False
MUNICIPALIDAD DISTRITAL DE PALLASCA,ANCASH,1,0,0.0,499618.0,False
MUNICIPALIDAD DISTRITAL DE PAMPAMARCA - CANAS,CUSCO,1,0,0.0,68730.0,False
MUNICIPALIDAD DISTRITAL DE PAMPAMARCA - YAROWILCA,HUANUCO,1,0,0.0,3639613.0,False
MUNICIPALIDAD DISTRITAL DE PAPAYAL,TUMBES,1,0,0.0,361742.0,False
MUNICIPALIDAD DISTRITAL DE PARAMONGA,LIMA,1,0,0.0,124319.0,False
MUNICIPALIDAD DISTRITAL DE PARANDAY,LA LIBERTAD,1,0,0.0,670114.0,False
MUNICIPALIDAD DISTRITAL DE PARDO MIGUEL - NARANJOS,SAN MARTIN,1,0,0.0,86163.0,False
MUNICIPALIDAD DISTRITAL DE PARIACOTO,ANCASH,1,0,0.0,460862.0,False
MUNICIPALIDAD DISTRITAL DE PARIAHUANCA - CARHUAZ,ANCASH,1,0,0.0,893220.0,False
MUNICIPALIDAD DISTRITAL DE PATAPO,LAMBAYEQUE,1,0,0.0,10886430.0,False
MUNICIPALIDAD DISTRITAL DE PATIVILCA,LIMA,1,0,0.0,286589.0,False
MUNICIPALIDAD DISTRITAL DE PAUCARA,HUANCAVELICA,1,0,0.0,52611.0,False
MUNICIPALIDAD DISTRITAL DE PAUCARBAMBA,HUANCAVELICA,1,0,0.0,487403.0,False
MUNICIPALIDAD DISTRITAL DE PAUCARTAMBO,PASCO,1,0,0.0,981472.0,False
MUNICIPALIDAD DISTRITAL DE PEBAS,LORETO,1,0,0.0,180200.0,False
MUNICIPALIDAD DISTRITAL DE PICHIGUA,CUSCO,1,0,0.0,315000.0,False
MUNICIPALIDAD DISTRITAL DE PICHOS,HUANCAVELICA,1,0,0.0,325933.0,False
MUNICIPALIDAD DISTRITAL DE PILCHACA,HUANCAVELICA,1,0,0.0,620128.0,False
MUNICIPALIDAD DISTRITAL DE PILCOMAYO,JUNIN,1,0,0.0,865653.0,False
MUNICIPALIDAD DISTRITAL DE PILPICHACA,HUANCAVELICA,1,0,0.0,206770.0,False
MUNICIPALIDAD DISTRITAL DE PLATERIA,PUNO,1,0,0.0,1073129.0,False
MUNICIPALIDAD DISTRITAL DE POCOHUANCA,APURIMAC,1,0,0.0,1053742.0,False
MUNICIPALIDAD DISTRITAL DE POLOBAYA,AREQUIPA,1,0,0.0,80383.0,False
MUNICIPALIDAD DISTRITAL DE POMALCA,LAMBAYEQUE,1,0,0.0,201395.0,False
MUNICIPALIDAD DISTRITAL DE POMATA,PUNO,1,0,0.0,484282.0,False
MUNICIPALIDAD DISTRITAL DE POTONI,PUNO,1,0,0.0,242005.0,False
MUNICIPALIDAD DISTRITAL DE PROGRESO,APURIMAC,1,0,0.0,413734.0,False
MUNICIPALIDAD DISTRITAL DE PUEBLO NUEVO - CHEPEN,LA LIBERTAD,1,0,0.0,15704984.0,False
MUNICIPALIDAD DISTRITAL DE PUNTA NEGRA,LIMA,1,0,0.0,984946.0,False
MUNICIPALIDAD DISTRITAL DE QUIACA,PUNO,1,0,0.0,4099520.0,False
MUNICIPALIDAD DISTRITAL DE QUICACHA,AREQUIPA,1,0,0.0,966467.0,False
MUNICIPALIDAD DISTRITAL DE QUICHES,ANCASH,1,0,0.0,253936.0,False
MUNICIPALIDAD DISTRITAL DE QUINUABAMBA,ANCASH,1,0,0.0,94000.0,False
MUNICIPALIDAD DISTRITAL DE RAGASH,ANCASH,1,0,0.0,76537.0,False
MUNICIPALIDAD DISTRITAL DE RANRACANCHA,APURIMAC,1,0,0.0,1150000.0,False
MUNICIPALIDAD DISTRITAL DE RANRAHIRCA,ANCASH,1,0,0.0,562203.0,False
MUNICIPALIDAD DISTRITAL DE RICARDO PALMA,LIMA,1,0,0.0,124205.0,False
MUNICIPALIDAD DISTRITAL DE RINCONADA LLICUAR,PIURA,1,0,0.0,161150.0,False
MUNICIPALIDAD DISTRITAL DE RONDOS,HUANUCO,1,0,0.0,175618.0,False
MUNICIPALIDAD DISTRITAL DE ROSASPATA,PUNO,1,0,0.0,206096.0,False
MUNICIPALIDAD DISTRITAL DE SABAINO,APURIMAC,1,0,0.0,80208.0,False
MUNICIPALIDAD DISTRITAL DE SACHACA,AREQUIPA,1,0,0.0,82520.0,False
MUNICIPALIDAD DISTRITAL DE SALCAHUASI,HUANCAVELICA,1,0,0.0,134212.0,False
MUNICIPALIDAD DISTRITAL DE SALITRAL - MORROPON,PIURA,1,0,0.0,8151490.0,False
MUNICIPALIDAD DISTRITAL DE SALITRAL - SULLANA,PIURA,1,0,0.0,938066.0,False
MUNICIPALIDAD DISTRITAL DE SAMA,TACNA,1,0,0.0,94600.0,False
MUNICIPALIDAD DISTRITAL DE SAMUEL PASTOR,AREQUIPA,1,0,0.0,1399835.0,False
MUNICIPALIDAD DISTRITAL DE SAN ANDRES DE CUTERVO,CAJAMARCA,1,0,0.0,251981.0,False
MUNICIPALIDAD DISTRITAL DE SAN ANTONIO - HUAROCHIRI,LIMA,1,0,0.0,375815.0,False
MUNICIPALIDAD DISTRITAL DE SAN ANTONIO - SAN MARTIN,SAN MARTIN,1,0,0.0,828352.0,False
MUNICIPALIDAD DISTRITAL DE SAN ANTONIO DE ANTAPARCO,HUANCAVELICA,1,0,0.0,100000.0,False
MUNICIPALIDAD DISTRITAL DE SAN BUENAVENTURA - MARANON,HUANUCO,1,0,0.0,85203.0,False
MUNICIPALIDAD DISTRITAL DE SAN CRISTOBAL - LUCANAS,AYACUCHO,1,0,0.0,58000.0,False
MUNICIPALIDAD DISTRITAL DE SAN FRANCISCO DE ASIS,HUANUCO,1,0,0.0,482270.0,False
MUNICIPALIDAD DISTRITAL DE SAN FRANCISCO DE SANGAYAICO,HUANCAVELICA,1,0,0.0,589958.0,False
MUNICIPALIDAD DISTRITAL DE SAN GREGORIO,CAJAMARCA,1,0,0.0,152409.0,False
MUNICIPALIDAD DISTRITAL DE SAN JOSE - LAMBAYEQUE,LAMBAYEQUE,1,0,0.0,243934.0,False
MUNICIPALIDAD DISTRITAL DE SAN JOSE DE CHORRILLOS - CUENCA - HUAROCHIRI,LIMA,1,0,0.0,345000.0,False
MUNICIPALIDAD DISTRITAL DE SAN JOSE DE USHUA,AYACUCHO,1,0,0.0,53000.0,False
MUNICIPALIDAD DISTRITAL DE SAN JUAN - CAJAMARCA,CAJAMARCA,1,0,0.0,758295.0,False
MUNICIPALIDAD DISTRITAL DE SAN JUAN BAUTISTA - ICA,ICA,1,0,0.0,887188.0,False
MUNICIPALIDAD DISTRITAL DE SAN JUAN DE CHETO,AMAZONAS,1,0,0.0,108882.0,False
MUNICIPALIDAD DISTRITAL DE SAN JUAN DE RONTOY,ANCASH,1,0,0.0,447692.0,False
MUNICIPALIDAD DISTRITAL DE SAN JUAN DE SALINAS,PUNO,1,0,0.0,126112.0,False
MUNICIPALIDAD DISTRITAL DE SAN JUAN DE SONCHE,AMAZONAS,1,0,0.0,393530.0,False
MUNICIPALIDAD DISTRITAL DE SAN LUIS DE LUCMA,CAJAMARCA,1,0,0.0,84211.0,False
MUNICIPALIDAD DISTRITAL DE SAN MARCOS ROCCHAC,HUANCAVELICA,1,0,0.0,150035.0,False
MUNICIPALIDAD DISTRITAL DE SAN MATEO,LIMA,1,0,0.0,146705.0,False
MUNICIPALIDAD DISTRITAL DE SAN MIGUEL CHACCRAMPA,APURIMAC,1,0,0.0,1327781.0,False
MUNICIPALIDAD DISTRITAL DE SAN MIGUEL DE ACO,ANCASH,1,0,0.0,464887.0,False
MUNICIPALIDAD DISTRITAL DE SAN NICOLAS,ANCASH,1,0,0.0,854686.0,False
MUNICIPALIDAD DISTRITAL DE SAN PABLO - BELLAVISTA,SAN MARTIN,1,0,0.0,48960.0,False
MUNICIPALIDAD DISTRITAL DE SAN PEDRO DE CHUNAN,JUNIN,1,0,0.0,391532.0,False
MUNICIPALIDAD DISTRITAL DE SAN PEDRO DE PILLAO,PASCO,1,0,0.0,110877.0,False
MUNICIPALIDAD DISTRITAL DE SANAGORAN,LA LIBERTAD,1,0,0.0,1736042.0,False
MUNICIPALIDAD DISTRITAL DE SANTA ANA,HUANCAVELICA,1,0,0.0,356490.0,False
MUNICIPALIDAD DISTRITAL DE SANTA CRUZ - CUTERVO,CAJAMARCA,1,0,0.0,283350.0,False
MUNICIPALIDAD DISTRITAL DE SANTA CRUZ - HUAYLAS,ANCASH,1,0,0.0,147000.0,False
MUNICIPALIDAD DISTRITAL DE SANTA CRUZ DE ANDAMARCA,LIMA,1,0,0.0,613955.0,False
MUNICIPALIDAD DISTRITAL DE SANTA EULALIA,LIMA,1,0,0.0,260260.0,False
MUNICIPALIDAD DISTRITAL DE SANTA LUCIA - LUCANAS,AYACUCHO,1,0,0.0,208799.0,False
MUNICIPALIDAD DISTRITAL DE SANTA RITA DE SIGUAS,AREQUIPA,1,0,0.0,1454504.0,False
MUNICIPALIDAD DISTRITAL DE SANTA ROSA - GRAU,APURIMAC,1,0,0.0,45291.0,False
MUNICIPALIDAD DISTRITAL DE SANTA ROSA - RODRIGUEZ DE MENDOZA,AMAZONAS,1,0,0.0,1017302.0,False
MUNICIPALIDAD DISTRITAL DE SANTA ROSA DE QUIVES,LIMA,1,0,0.0,137815.0,False
MUNICIPALIDAD DISTRITAL DE SANTIAGO - ICA,ICA,1,0,0.0,388000.0,False
MUNICIPALIDAD DISTRITAL DE SANTIAGO DE CHOCORVOS,HUANCAVELICA,1,0,0.0,111517.0,False
MUNICIPALIDAD DISTRITAL DE SANTIAGO DE PUPUJA,PUNO,1,0,0.0,60000.0,False
MUNICIPALIDAD DISTRITAL DE SANTILLANA,AYACUCHO,1,0,0.0,1322627.0,False
MUNICIPALIDAD DISTRITAL DE SANTO DOMINGO DE ANDA,HUANUCO,1,0,0.0,1178984.0,False
MUNICIPALIDAD DISTRITAL DE SHANAO,SAN MARTIN,1,0,0.0,231238.0,False
MUNICIPALIDAD DISTRITAL DE SINA,PUNO,1,0,0.0,167000.0,False
MUNICIPALIDAD DISTRITAL DE SOCOS,AYACUCHO,1,0,0.0,235000.0,False
MUNICIPALIDAD DISTRITAL DE SOCOTA,CAJAMARCA,1,0,0.0,889075.0,False
MUNICIPALIDAD DISTRITAL DE SONDOR,PIURA,1,0,0.0,21726765.0,False
MUNICIPALIDAD DISTRITAL DE SUCCHA,ANCASH,1,0,0.0,273854.0,False
MUNICIPALIDAD DISTRITAL DE SUPE,LIMA,1,0,0.0,286441.0,False
MUNICIPALIDAD DISTRITAL DE TALAVERA,APURIMAC,1,0,0.0,206468.0,False
MUNICIPALIDAD DISTRITAL DE TAPICHE,LORETO,1,0,0.0,240000.0,False
MUNICIPALIDAD DISTRITAL DE TAPUC,PASCO,1,0,0.0,479538.0,False
MUNICIPALIDAD DISTRITAL DE TARACO,PUNO,1,0,0.0,124094.0,False
MUNICIPALIDAD DISTRITAL DE TARUCACHI,TACNA,1,0,0.0,532322.0,False
MUNICIPALIDAD DISTRITAL DE TENIENTE MANUEL CLAVERO,LORETO,1,0,0.0,66240.0,False
MUNICIPALIDAD DISTRITAL DE TIABAYA,AREQUIPA,1,0,0.0,98280.0,False
MUNICIPALIDAD DISTRITAL DE TICAPAMPA,ANCASH,1,0,0.0,434570.0,False
MUNICIPALIDAD DISTRITAL DE TICLACAYAN,PASCO,1,0,0.0,368607.0,False
MUNICIPALIDAD DISTRITAL DE TINGO DE PONAZA,SAN MARTIN,1,0,0.0,56739.0,False
MUNICIPALIDAD DISTRITAL DE TINGO DE SAPOSOA,SAN MARTIN,1,0,0.0,268227.0,False
MUNICIPALIDAD DISTRITAL DE TINICACHI,PUNO,1,0,0.0,60810.0,False
MUNICIPALIDAD DISTRITAL DE TIQUILLACA,PUNO,1,0,0.0,101646.0,False
MUNICIPALIDAD DISTRITAL DE TUMAYHUARACA,APURIMAC,1,0,0.0,165000.0,False
MUNICIPALIDAD DISTRITAL DE TUNAN MARCA,JUNIN,1,0,0.0,150000.0,False
MUNICIPALIDAD DISTRITAL DE UBINAS,MOQUEGUA,1,0,0.0,521190.0,False
MUNICIPALIDAD DISTRITAL DE UNION AGUA BLANCA,CAJAMARCA,1,0,0.0,788661.0,False
MUNICIPALIDAD DISTRITAL DE UPAHUACHO,AYACUCHO,1,0,0.0,133142.0,False
MUNICIPALIDAD DISTRITAL DE URANMARCA,APURIMAC,1,0,0.0,84147.0,False
MUNICIPALIDAD DISTRITAL DE URPAY,LA LIBERTAD,1,0,0.0,533764.0,False
MUNICIPALIDAD DISTRITAL DE VICE,PIURA,1,0,0.0,140500.0,False
MUNICIPALIDAD DISTRITAL DE VITOR,AREQUIPA,1,0,0.0,100136.0,False
MUNICIPALIDAD DISTRITAL DE YAMBRASBAMBA,AMAZONAS,1,0,0.0,24325318.0,False
MUNICIPALIDAD DISTRITAL DE YAMON,AMAZONAS,1,0,0.0,112180.0,False
MUNICIPALIDAD DISTRITAL DE YANAHUARA,AREQUIPA,1,0,0.0,171315.0,False
MUNICIPALIDAD DISTRITAL DE YANAMA,ANCASH,1,0,0.0,136958.0,False
MUNICIPALIDAD DISTRITAL DE YAQUERANA,LORETO,1,0,0.0,618898.0,False
MUNICIPALIDAD DISTRITAL DE YAURISQUE,CUSCO,1,0,0.0,6107067.0,False
MUNICIPALIDAD DISTRITAL DE YAVARI,LORETO,1,0,0.0,1552893.0,False
MUNICIPALIDAD DISTRITAL DE YONAN,CAJAMARCA,1,0,0.0,593510.0,False
MUNICIPALIDAD DISTRITAL DE ZAÑA,LAMBAYEQUE,1,0,0.0,765144.0,False
MUNICIPALIDAD DISTRITAL DE ÑAHUIMPUQUIO,HUANCAVELICA,1,0,0.0,684673.0,False
MUNICIPALIDAD DISTRITAL EL TIGRE,LORETO,1,0,0.0,117033.0,False
MUNICIPALIDAD DISTRITAL RIO MAGDALENA,AYACUCHO,1,0,0.0,521945.0,False
MUNICIPALIDAD PROVINCIAL DE AYMARAES - CHALHUANCA,APURIMAC,1,0,0.0,2786151.0,False
MUNICIPALIDAD PROVINCIAL DE AZANGARO,PUNO,1,0,0.0,50000.0,False
MUNICIPALIDAD PROVINCIAL DE BOLIVAR,LA LIBERTAD,1,0,0.0,32045830.0,False
MUNICIPALIDAD PROVINCIAL DE CAJATAMBO,LIMA,1,0,0.0,98000.0,False
MUNICIPALIDAD PROVINCIAL DE CANTA,LIMA,1,0,0.0,303064.0,False
MUNICIPALIDAD PROVINCIAL DE HUACAYBAMBA,HUANUCO,1,0,0.0,55646.0,False
MUNICIPALIDAD PROVINCIAL DE HUAMALIES - LLATA,HUANUCO,1,0,0.0,139889.0,False
MUNICIPALIDAD PROVINCIAL DE JUNIN,JUNIN,1,0,0.0,222535.0,False
MUNICIPALIDAD PROVINCIAL DE LAMAS,SAN MARTIN,1,0,0.0,76395.0,False
MUNICIPALIDAD PROVINCIAL DE LUCANAS - PUQUIO,AYACUCHO,1,0,0.0,62686.0,False
MUNICIPALIDAD PROVINCIAL DE MANU,MADRE DE DIOS,1,0,0.0,2606579.0,False
MUNICIPALIDAD PROVINCIAL DE PACASMAYO - SAN PEDRO DE LLOC,LA LIBERTAD,1,0,0.0,133848.0,False
MUNICIPALIDAD PROVINCIAL DE PICOTA,SAN MARTIN,1,0,0.0,1119602.0,False
MUNICIPALIDAD PROVINCIAL DE SAN MIGUEL,CAJAMARCA,1,0,0.0,88011.0,False
MUNICIPALIDAD PROVINCIAL DE TAHUAMANU - IÑAPARI,MADRE DE DIOS,1,0,0.0,402698.0,False
MUNICIPALIDAD PROVINCIAL DE TARATA,TACNA,1,0,0.0,128000.0,False
MUNICIPALIDAD PROVINCIAL DEL PUTUMAYO,LORETO,1,0,0.0,14862002.0,False
ORGANISMO DE ESTUDIOS Y DISEÑO DE PROYECTOS DE INVERSION,LIMA,1,0,0.0,345217.0,False
PLAN COPESCO NACIONAL - MINCETUR,LIMA,1,0,0.0,11667722.0,False
PODER JUDICIAL - UNIDAD DE COORDINACION DEL PROYECTO MEJORAMIENTO DE LOS SERVICIOS DE JUSTICIA,LIMA,1,0,0.0,42000.0,False
PRESIDENCIA DEL CONSEJO DE MINISTROS,LIMA,1,0,0.0,362155.0,False
PROGRAMA NACIONAL DE INVESTIGACIÓN CIENTÍFICA Y ESTUDIOS AVANZADOS,LIMA,1,0,0.0,115139.0,False
PROGRAMA NACIONAL TAMBOS,LIMA,1,0,0.0,115205.0,False
PROGRAMA PARA LA GENERACION DE EMPLEO SOCIAL INCLUSIVO ¿TRABAJA PERU¿,LIMA,1,0,0.0,273782.0,False
PROYECTO ESPECIAL DATEM DEL MARAÑON - ALTO AMAZONAS - LORETO - CONDORCANQUI - PEDAMAALC,LORETO,1,0,0.0,70000.0,False
PROYECTO ESPECIAL DE INVERSION PUBLICA ESCUELAS BICENTENARIO,LIMA,1,0,0.0,66723.0,False
SERVICIO DE ADMINISTRACION TRIBUTARIA DE CHICLAYO,LAMBAYEQUE,1,0,0.0,399432.0,False
SERVICIO DE ADMINISTRACION TRIBUTARIA DE PIURA,PIURA,1,0,0.0,131788.0,False
SERVICIO INDUSTRIAL DE LA MARINA S.R.L.-IQUITOS,LORETO,1,0,0.0,124800.0,False
SERVICIOS DE PARQUES DE LIMA,LIMA,1,0,0.0,335840.0,False
SERVICIOS INTEGRADOS DE LIMPIEZA SA,LIMA,1,0,0.0,802589.0,False
SUPERINTENDENCIA NACIONAL DE BIENES ESTATALES,LIMA,1,0,0.0,270800.0,False
SUPERINTENDENCIA NACIONAL DE LOS REGISTROS PUBLICOS,LIMA,1,0,0.0,74875.0,False
UNIDAD DE GESTION EDUCATIVA LOCAL UGEL 04 - COMAS,LIMA,1,0,0.0,75000.0,False
UNIDAD EJECUTORA 003: FOMENTO AL CONSUMO HUMANO DIRECTO - A COMER PESCADO,LIMA,1,0,0.0,103516.0,False
UNIDAD EJECUTORA 115 MARCAHUAMACHUCO,LA LIBERTAD,1,0,0.0,115000.0,False
UNIDAD EJECUTORA 125 PROGRAMA NACIONAL DE INVERSIONES EN SALUD,LIMA,1,0,0.0,399990.0,False
UNIDAD EJECUTORA 304 - GERENCIA REGIONAL DE EDUCACION LAMBAYEQUE,LAMBAYEQUE,1,0,0.0,126092.0,False
UNIDAD EJECUTORA 410: HOSPITAL DE QUILLABAMBA,CUSCO,1,0,0.0,61192.0,False
UNIDAD EJECUTORA 413 SALUD ASCOPE,LA LIBERTAD,1,0,0.0,132971.0,False
UNIVERSIDAD NACIONAL AMAZONICA DE MADRE DE DIOS,MADRE DE DIOS,1,0,0.0,160000.0,False
UNIVERSIDAD NACIONAL AUTONOMA ALTOANDINA DE TARMA,JUNIN,1,0,0.0,418560.0,False
UNIVERSIDAD NACIONAL AUTÓNOMA DE CHUPACA,JUNIN,1,0,0.0,100000.0,False
UNIVERSIDAD NACIONAL DE UCAYALI,UCAYALI,1,0,0.0,0.0,False
UNIVERSIDAD NACIONAL TECNOLÓGICA DE SAN JUAN DE LURIGANCHO,LIMA,1,0,0.0,150000.0,False
